SQL> 
SQL> REM JOINS
SQL> 
SQL> REM JOINS : JOINING A ROW OF A TABLE WITH ANOTHER ROW OF SAME/DIFFERENT TABLE
SQL> 
SQL> SELECT * FROM LOCATIONS;

LOCATION_ID STREET_ADRESS                            POSTAL_CODE  CITY                           STATE_PROVINCE            CO                                                                           
----------- ---------------------------------------- ------------ ------------------------------ ------------------------- --                                                                           
       1400 2014 Jabberwocky Rd                      26192        Southlake                      Texas                     US                                                                           
       1500 2011 Interiors Blvd                      99236        South San Francisco            California                US                                                                           
       1700 2004 Charade Rd                          98199        Seattle                        Washington                US                                                                           
       1800 460 Bloor St. W.                         ON M5S 1X8   Toronto                        Ontario                   CA                                                                           
       2500 Magdalen Centre, The Oxford Science Park OX9 9ZB      Oxford                         Oxford                    UK                                                                           

SQL> SELECT * FROM COUNTRIES;

CO COUNTRY_NAME                              REGION_ID                                                                                                                                                  
-- ---------------------------------------- ----------                                                                                                                                                  
CA Canada                                            2                                                                                                                                                  
DE Germany                                           1                                                                                                                                                  
UK United Kingdom                                    1                                                                                                                                                  
US United States of America                          2                                                                                                                                                  

SQL> SELECT * FROM DEPARTMENTS;

DEPARTMENT_ID DEPARTMENT_NAME                MANAGER_ID LOCATION_ID                                                                                                                                     
------------- ------------------------------ ---------- -----------                                                                                                                                     
           10 Administration                        200        1700                                                                                                                                     
           20 Marketing                             201        1800                                                                                                                                     
           50 Shiping                               124        1500                                                                                                                                     
           60 IT                                    103        1400                                                                                                                                     
           80 Sales                                 149        2500                                                                                                                                     
           90 Executive                             100        1700                                                                                                                                     
          110 Accounting                            205        1700                                                                                                                                     
          190 Contracting                                      1700                                                                                                                                     

8 rows selected.

SQL> SELECT * FROM LOCATIONS;

LOCATION_ID STREET_ADRESS                            POSTAL_CODE  CITY                           STATE_PROVINCE            CO                                                                           
----------- ---------------------------------------- ------------ ------------------------------ ------------------------- --                                                                           
       1400 2014 Jabberwocky Rd                      26192        Southlake                      Texas                     US                                                                           
       1500 2011 Interiors Blvd                      99236        South San Francisco            California                US                                                                           
       1700 2004 Charade Rd                          98199        Seattle                        Washington                US                                                                           
       1800 460 Bloor St. W.                         ON M5S 1X8   Toronto                        Ontario                   CA                                                                           
       2500 Magdalen Centre, The Oxford Science Park OX9 9ZB      Oxford                         Oxford                    UK                                                                           

SQL> SELECT * FROM COUNTRIES;

CO COUNTRY_NAME                              REGION_ID                                                                                                                                                  
-- ---------------------------------------- ----------                                                                                                                                                  
CA Canada                                            2                                                                                                                                                  
DE Germany                                           1                                                                                                                                                  
UK United Kingdom                                    1                                                                                                                                                  
US United States of America                          2                                                                                                                                                  

SQL> REM TYPES OF JOINS :
SQL> 
SQL> REM TYPES OF JOINS : 1 NATURAL 2 INNER 3 OUTER 4 CROSS
SQL> 
SQL> REM NATURAL JOIN :
SQL> 
SQL> REM NATURAL JOIN PRE-REQUISITES :
SQL> 
SQL> REM 1 BOTH TABLES MUST HAVE ATLEAST SINGLE COMMON COLUMN
SQL> 
SQL> REM 2 THEIR CORREPSONDING DATA TYPES MUST MATCH
SQL> 
SQL> REM 3 THEIR VALUES SHOULD BE SIMILAR
SQL> 
SQL> REM 4 THEIR MEANINGS MUST BE SAME
SQL> 
SQL> 
SQL> SELECT * FROM EMPLOYEES;

EMPLOYEE_ID FIRST_NAME      LAST_NAME       EMAIL      PHONE_NUMBER         HIRE_DATE JOB_ID         SALARY COMMISSION_PCT MANAGER_ID DEPARTMENT_ID                                                     
----------- --------------- --------------- ---------- -------------------- --------- ---------- ---------- -------------- ---------- -------------                                                     
        100 Steven          King            SKING      515.123.4567         17-JUL-87 AD_PRES         24000                                      90                                                     
        101 Neena           Kochhar         NKOCHHAR   515.123.4568         21-SEP-89 AD_VP           17000                       100            90                                                     
        102 Lex             De Haan         LDEHAAN    515.123.4569         13-JAN-93 AD_VP           17000                       100            90                                                     
        103 Alexander       Hunold          AHUNOLD    590.423.4567         03-JAN-90 IT_PROG          9000                       102            60                                                     
        104 Bruce           Ernst           BERNST     590.423.4568         21-MAY-91 IT_PROG          6000                       103            60                                                     
        107 Diana           Lorentz         DLORENTZ   590.423.5567         07-FEB-99 IT_PROG          4200                       103            60                                                     
        124 Kevin           Mourgos         KMOURGOS   650.123.5234         16-NOV-99 ST_MAN           5800                       100            50                                                     
        141 Trenna          Rajs            TRAJS      650.121.8009         17-OCT-95 ST_CLERK         3500                       124            50                                                     
        142 Curtis          Davies          CDAVIES    650.121.2994         29-JAN-97 ST_CLERK         3100                       124            50                                                     
        143 Randall         Matos           RMATOS     650.121.2874         15-MAR-98 ST_CLERK         2600                       124            50                                                     
        144 Peter           Vargas                     650.121.2004         09-JUL-98 ST_CLERK         2500                       124            50                                                     
        149 Eleni           Zlotkey         EZLOTKEY   011.44.1344.429018   29-JAN-00 SA_MAN          10500             .2        100            80                                                     
        174 Ellen           Abel            EABEL      011.44.1644.429267   11-MAY-96 SA_REP          11000             .3        149            80                                                     
        176 Jonathon        Taylor          JTAYLOR    011.44.1644.429265   24-MAR-98 SA_REP           8600             .3        149            80                                                     
        178 Kimerely        Grant           KGRANT     011.44.1644.429263   24-MAY-99 SA_REP           7000            .15        149                                                                   
        200 Jennifer        Whalen          JWHALEN    515.123.4444         17-SEP-87 AD_ASST          4400                       101            10                                                     
        201 Michael         Hartstein       MHARTSTE   515.123.5555         17-FEB-96 MK_MAN          13000                       100            20                                                     
        202 Pat             Fay             PFAY       603.123.6666         17-AUG-97 MK_REP           6000                       201            20                                                     
        205 Shelley         Higgins         SHIGGINS   515.123.8080         07-JUN-94 AC_MGR          12000                       101           110                                                     
        206 William         Gietz           WGIETZ     515.123.8181         07-JUN-94 AC_ACCOUNT       8300                       205           110                                                     

20 rows selected.

SQL> SELECT * FROM DEPARTMENTS;

DEPARTMENT_ID DEPARTMENT_NAME                MANAGER_ID LOCATION_ID                                                                                                                                     
------------- ------------------------------ ---------- -----------                                                                                                                                     
           10 Administration                        200        1700                                                                                                                                     
           20 Marketing                             201        1800                                                                                                                                     
           50 Shiping                               124        1500                                                                                                                                     
           60 IT                                    103        1400                                                                                                                                     
           80 Sales                                 149        2500                                                                                                                                     
           90 Executive                             100        1700                                                                                                                                     
          110 Accounting                            205        1700                                                                                                                                     
          190 Contracting                                      1700                                                                                                                                     

8 rows selected.

SQL> REM   EMPLOYEES    DEPARTMENTS    LOCATIONS    COUNTRIES    REGIONS
SQL> 
SQL>           DEPARTMENT_ID  LOCATION_ID   COUNTRY_ID    REGION_ID
SP2-0734: unknown command beginning "DEPARTMENT..." - rest of line ignored.
SQL> 
SQL> 
SQL> REM   EMPLOYEES    DEPARTMENTS    LOCATIONS    COUNTRIES    REGIONS
SQL> 
SQL> REM       DEPARTMENT_ID  LOCATION_ID   COUNTRY_ID    REGION_ID
SQL> 
SQL> REM        MANAGER_ID : MEANINGS ARE DIFFERENT
SQL> 
SQL> 
SQL> 
SQL> SELECT * FROM DEPARTMENTS;

DEPARTMENT_ID DEPARTMENT_NAME                MANAGER_ID LOCATION_ID                                                                                                                                     
------------- ------------------------------ ---------- -----------                                                                                                                                     
           10 Administration                        200        1700                                                                                                                                     
           20 Marketing                             201        1800                                                                                                                                     
           50 Shiping                               124        1500                                                                                                                                     
           60 IT                                    103        1400                                                                                                                                     
           80 Sales                                 149        2500                                                                                                                                     
           90 Executive                             100        1700                                                                                                                                     
          110 Accounting                            205        1700                                                                                                                                     
          190 Contracting                                      1700                                                                                                                                     

8 rows selected.

SQL> SELECT * FROM LOCATIONS;

LOCATION_ID STREET_ADRESS                            POSTAL_CODE  CITY                           STATE_PROVINCE            CO                                                                           
----------- ---------------------------------------- ------------ ------------------------------ ------------------------- --                                                                           
       1400 2014 Jabberwocky Rd                      26192        Southlake                      Texas                     US                                                                           
       1500 2011 Interiors Blvd                      99236        South San Francisco            California                US                                                                           
       1700 2004 Charade Rd                          98199        Seattle                        Washington                US                                                                           
       1800 460 Bloor St. W.                         ON M5S 1X8   Toronto                        Ontario                   CA                                                                           
       2500 Magdalen Centre, The Oxford Science Park OX9 9ZB      Oxford                         Oxford                    UK                                                                           

SQL> REM SELECT ... FROM ... WHERE ... GROUP BY ... HAVING ... ORDER BY ... OFFSET ... FETCH ...;
SQL> 
SQL> REM NATURAL JOIN SYNTAX : FROM TABLE1 NATURAL JOIN TABLE2
SQL> 
SQL> REM CROSS JOIN SYNTAX : FROM TABLE1 CROSS JOIN TABLE2
SQL> 
SQL> 
SQL> 
SQL> REM DISPLAY DEPARTMENT_NAME AND CITY
SQL> 
SQL> REM         DEPARTMENTS         LOCATIONS
SQL> 
SQL> REM E D L C R
SQL> 
SQL> REM   D L
SQL> 
SQL> 
SQL> SELECT DEPARTMENT_NAME , CITY
  2  FROM DEPARTMENTS NATURAL JOIN LOCATIONS;

DEPARTMENT_NAME                CITY                                                                                                                                                                     
------------------------------ ------------------------------                                                                                                                                           
Administration                 Seattle                                                                                                                                                                  
Marketing                      Toronto                                                                                                                                                                  
Shiping                        South San Francisco                                                                                                                                                      
IT                             Southlake                                                                                                                                                                
Sales                          Oxford                                                                                                                                                                   
Executive                      Seattle                                                                                                                                                                  
Accounting                     Seattle                                                                                                                                                                  
Contracting                    Seattle                                                                                                                                                                  

8 rows selected.

SQL> SELECT DEPARTMENT_NAME , CITY
  2  FROM DEPARTMENTS
  3  NATURAL JOIN LOCATIONS;

DEPARTMENT_NAME                CITY                                                                                                                                                                     
------------------------------ ------------------------------                                                                                                                                           
Administration                 Seattle                                                                                                                                                                  
Marketing                      Toronto                                                                                                                                                                  
Shiping                        South San Francisco                                                                                                                                                      
IT                             Southlake                                                                                                                                                                
Sales                          Oxford                                                                                                                                                                   
Executive                      Seattle                                                                                                                                                                  
Accounting                     Seattle                                                                                                                                                                  
Contracting                    Seattle                                                                                                                                                                  

8 rows selected.

SQL> SELECT * FROM DEPARTMENTS;

DEPARTMENT_ID DEPARTMENT_NAME                MANAGER_ID LOCATION_ID                                                                                                                                     
------------- ------------------------------ ---------- -----------                                                                                                                                     
           10 Administration                        200        1700                                                                                                                                     
           20 Marketing                             201        1800                                                                                                                                     
           50 Shiping                               124        1500                                                                                                                                     
           60 IT                                    103        1400                                                                                                                                     
           80 Sales                                 149        2500                                                                                                                                     
           90 Executive                             100        1700                                                                                                                                     
          110 Accounting                            205        1700                                                                                                                                     
          190 Contracting                                      1700                                                                                                                                     

8 rows selected.

SQL> SELECT * FROM LOCATIONS;

LOCATION_ID STREET_ADRESS                            POSTAL_CODE  CITY                           STATE_PROVINCE            CO                                                                           
----------- ---------------------------------------- ------------ ------------------------------ ------------------------- --                                                                           
       1400 2014 Jabberwocky Rd                      26192        Southlake                      Texas                     US                                                                           
       1500 2011 Interiors Blvd                      99236        South San Francisco            California                US                                                                           
       1700 2004 Charade Rd                          98199        Seattle                        Washington                US                                                                           
       1800 460 Bloor St. W.                         ON M5S 1X8   Toronto                        Ontario                   CA                                                                           
       2500 Magdalen Centre, The Oxford Science Park OX9 9ZB      Oxford                         Oxford                    UK                                                                           

SQL> SELECT * FROM COUNTRIES;

CO COUNTRY_NAME                              REGION_ID                                                                                                                                                  
-- ---------------------------------------- ----------                                                                                                                                                  
CA Canada                                            2                                                                                                                                                  
DE Germany                                           1                                                                                                                                                  
UK United Kingdom                                    1                                                                                                                                                  
US United States of America                          2                                                                                                                                                  

SQL> SELECT * FROM REGIONS;

 REGION_ID REGION_NAME                                                                                                                                                                                  
---------- -------------------------                                                                                                                                                                    
         1 Europe                                                                                                                                                                                       
         2 Americas                                                                                                                                                                                     
         3 Asia                                                                                                                                                                                         
         4 Middle East and Africa                                                                                                                                                                       

SQL> REM 1 DEPARTMENT_NAME , CITY     2 STATE_PROVINCE , COUNTRY_NAME  3 CITY , DEPARTMENT_NAME , STATE_PROVINCE 4 REGION_NAME , COUNTRY_NAME
SQL> 
SQL> 
SQL> SELECT DEPARTMENT_ID  ,  CITY FROM DEPARTMENTS NATURAL JOIN LOCATIONS ;

DEPARTMENT_ID CITY                                                                                                                                                                                      
------------- ------------------------------                                                                                                                                                            
           10 Seattle                                                                                                                                                                                   
           20 Toronto                                                                                                                                                                                   
           50 South San Francisco                                                                                                                                                                       
           60 Southlake                                                                                                                                                                                 
           80 Oxford                                                                                                                                                                                    
           90 Seattle                                                                                                                                                                                   
          110 Seattle                                                                                                                                                                                   
          190 Seattle                                                                                                                                                                                   

8 rows selected.

SQL> SELECT STATE_PROVINCE , COUNTRY_NAME FROM LOCATIONS NATURAL JOIN COUNTRIES;

STATE_PROVINCE            COUNTRY_NAME                                                                                                                                                                  
------------------------- ----------------------------------------                                                                                                                                      
Texas                     United States of America                                                                                                                                                      
California                United States of America                                                                                                                                                      
Washington                United States of America                                                                                                                                                      
Ontario                   Canada                                                                                                                                                                        
Oxford                    United Kingdom                                                                                                                                                                

SQL> SELECT CITY , DEPARTMENT_NAME , STATE_PROVINCE FROM DEPARTMENTS NATURAL JOIN LOCATIONS;

CITY                           DEPARTMENT_NAME                STATE_PROVINCE                                                                                                                            
------------------------------ ------------------------------ -------------------------                                                                                                                 
Seattle                        Administration                 Washington                                                                                                                                
Toronto                        Marketing                      Ontario                                                                                                                                   
South San Francisco            Shiping                        California                                                                                                                                
Southlake                      IT                             Texas                                                                                                                                     
Oxford                         Sales                          Oxford                                                                                                                                    
Seattle                        Executive                      Washington                                                                                                                                
Seattle                        Accounting                     Washington                                                                                                                                
Seattle                        Contracting                    Washington                                                                                                                                

8 rows selected.

SQL> SELECT REGION_NAME , COUNTRY_NAME FROM REGIONS NATURAL JOIN COUNTRIES;

REGION_NAME               COUNTRY_NAME                                                                                                                                                                  
------------------------- ----------------------------------------                                                                                                                                      
Americas                  Canada                                                                                                                                                                        
Europe                    Germany                                                                                                                                                                       
Europe                    United Kingdom                                                                                                                                                                
Americas                  United States of America                                                                                                                                                      

SQL> SELECT DEPARTMENT_NAME,CITY
  2  FROM DEPARTMENTS
  3  NATURAL JOIN LOCATIONS;

DEPARTMENT_NAME                CITY                                                                                                                                                                     
------------------------------ ------------------------------                                                                                                                                           
Administration                 Seattle                                                                                                                                                                  
Marketing                      Toronto                                                                                                                                                                  
Shiping                        South San Francisco                                                                                                                                                      
IT                             Southlake                                                                                                                                                                
Sales                          Oxford                                                                                                                                                                   
Executive                      Seattle                                                                                                                                                                  
Accounting                     Seattle                                                                                                                                                                  
Contracting                    Seattle                                                                                                                                                                  

8 rows selected.

SQL> 
SQL> SELECT COUNTRY_NAME,STATE_PROVINCE
  2  FROM COUNTRIES
  3  NATURAL JOIN LOCATIONS;

COUNTRY_NAME                             STATE_PROVINCE                                                                                                                                                 
---------------------------------------- -------------------------                                                                                                                                      
United States of America                 Texas                                                                                                                                                          
United States of America                 California                                                                                                                                                     
United States of America                 Washington                                                                                                                                                     
Canada                                   Ontario                                                                                                                                                        
United Kingdom                           Oxford                                                                                                                                                         

SQL> 
SQL> SELECT CITY,DEPARTMENT_NAME,STATE_PROVINCE
  2  FROM LOCATIONS
  3  NATURAL JOIN  DEPARTMENTS;

CITY                           DEPARTMENT_NAME                STATE_PROVINCE                                                                                                                            
------------------------------ ------------------------------ -------------------------                                                                                                                 
Seattle                        Administration                 Washington                                                                                                                                
Toronto                        Marketing                      Ontario                                                                                                                                   
South San Francisco            Shiping                        California                                                                                                                                
Southlake                      IT                             Texas                                                                                                                                     
Oxford                         Sales                          Oxford                                                                                                                                    
Seattle                        Executive                      Washington                                                                                                                                
Seattle                        Accounting                     Washington                                                                                                                                
Seattle                        Contracting                    Washington                                                                                                                                

8 rows selected.

SQL> 
SQL> SELECT REGION_NAME,COUNTRY_NAME
  2  FROM REGIONS
  3  NATURAL JOIN COUNTRIES;

REGION_NAME               COUNTRY_NAME                                                                                                                                                                  
------------------------- ----------------------------------------                                                                                                                                      
Americas                  Canada                                                                                                                                                                        
Europe                    Germany                                                                                                                                                                       
Europe                    United Kingdom                                                                                                                                                                
Americas                  United States of America                                                                                                                                                      

SQL> SELECT * FROM DEPARTMENTS;

DEPARTMENT_ID DEPARTMENT_NAME                MANAGER_ID LOCATION_ID                                                                                                                                     
------------- ------------------------------ ---------- -----------                                                                                                                                     
           10 Administration                        200        1700                                                                                                                                     
           20 Marketing                             201        1800                                                                                                                                     
           50 Shiping                               124        1500                                                                                                                                     
           60 IT                                    103        1400                                                                                                                                     
           80 Sales                                 149        2500                                                                                                                                     
           90 Executive                             100        1700                                                                                                                                     
          110 Accounting                            205        1700                                                                                                                                     
          190 Contracting                                      1700                                                                                                                                     

8 rows selected.

SQL> SELECT * FROM LOCATIONS;

LOCATION_ID STREET_ADRESS                            POSTAL_CODE  CITY                           STATE_PROVINCE            CO                                                                           
----------- ---------------------------------------- ------------ ------------------------------ ------------------------- --                                                                           
       1400 2014 Jabberwocky Rd                      26192        Southlake                      Texas                     US                                                                           
       1500 2011 Interiors Blvd                      99236        South San Francisco            California                US                                                                           
       1700 2004 Charade Rd                          98199        Seattle                        Washington                US                                                                           
       1800 460 Bloor St. W.                         ON M5S 1X8   Toronto                        Ontario                   CA                                                                           
       2500 Magdalen Centre, The Oxford Science Park OX9 9ZB      Oxford                         Oxford                    UK                                                                           

SQL> SELECT * FROM COUNTRIES;

CO COUNTRY_NAME                              REGION_ID                                                                                                                                                  
-- ---------------------------------------- ----------                                                                                                                                                  
CA Canada                                            2                                                                                                                                                  
DE Germany                                           1                                                                                                                                                  
UK United Kingdom                                    1                                                                                                                                                  
US United States of America                          2                                                                                                                                                  

SQL> SELECT * FROM REGIONS;

 REGION_ID REGION_NAME                                                                                                                                                                                  
---------- -------------------------                                                                                                                                                                    
         1 Europe                                                                                                                                                                                       
         2 Americas                                                                                                                                                                                     
         3 Asia                                                                                                                                                                                         
         4 Middle East and Africa                                                                                                                                                                       

SQL> REM DEPARTMENT_NAME , CITY , COUNTRY_NAME
SQL> 
SQL> REM DEPARTMENTS       LOCATIONS    COUNTRIES
SQL> 
SQL> REM E D L C R
SQL> 
SQL> REM   D L C
SQL> 
SQL> SELECT DEPARTMENT_NAME , CITY , COUNTRY_NAME
  2  FROM DEPARTMENTS
  3  NATURAL JOIN LOCATIONS
  4  NATURAL JOIN COUNTRIES;

DEPARTMENT_NAME                CITY                           COUNTRY_NAME                                                                                                                              
------------------------------ ------------------------------ ----------------------------------------                                                                                                  
Administration                 Seattle                        United States of America                                                                                                                  
Marketing                      Toronto                        Canada                                                                                                                                    
Shiping                        South San Francisco            United States of America                                                                                                                  
IT                             Southlake                      United States of America                                                                                                                  
Sales                          Oxford                         United Kingdom                                                                                                                            
Executive                      Seattle                        United States of America                                                                                                                  
Accounting                     Seattle                        United States of America                                                                                                                  
Contracting                    Seattle                        United States of America                                                                                                                  

8 rows selected.

SQL> SELECT * FROM DEPARTMENTS;

DEPARTMENT_ID DEPARTMENT_NAME                MANAGER_ID LOCATION_ID                                                                                                                                     
------------- ------------------------------ ---------- -----------                                                                                                                                     
           10 Administration                        200        1700                                                                                                                                     
           20 Marketing                             201        1800                                                                                                                                     
           50 Shiping                               124        1500                                                                                                                                     
           60 IT                                    103        1400                                                                                                                                     
           80 Sales                                 149        2500                                                                                                                                     
           90 Executive                             100        1700                                                                                                                                     
          110 Accounting                            205        1700                                                                                                                                     
          190 Contracting                                      1700                                                                                                                                     

8 rows selected.

SQL> SELECT * FROM LOCATIONS;

LOCATION_ID STREET_ADRESS                            POSTAL_CODE  CITY                           STATE_PROVINCE            CO                                                                           
----------- ---------------------------------------- ------------ ------------------------------ ------------------------- --                                                                           
       1400 2014 Jabberwocky Rd                      26192        Southlake                      Texas                     US                                                                           
       1500 2011 Interiors Blvd                      99236        South San Francisco            California                US                                                                           
       1700 2004 Charade Rd                          98199        Seattle                        Washington                US                                                                           
       1800 460 Bloor St. W.                         ON M5S 1X8   Toronto                        Ontario                   CA                                                                           
       2500 Magdalen Centre, The Oxford Science Park OX9 9ZB      Oxford                         Oxford                    UK                                                                           

SQL> SELECT * FROM COUNTRIES;

CO COUNTRY_NAME                              REGION_ID                                                                                                                                                  
-- ---------------------------------------- ----------                                                                                                                                                  
CA Canada                                            2                                                                                                                                                  
DE Germany                                           1                                                                                                                                                  
UK United Kingdom                                    1                                                                                                                                                  
US United States of America                          2                                                                                                                                                  

SQL> SELECT * FROM REGIONS;

 REGION_ID REGION_NAME                                                                                                                                                                                  
---------- -------------------------                                                                                                                                                                    
         1 Europe                                                                                                                                                                                       
         2 Americas                                                                                                                                                                                     
         3 Asia                                                                                                                                                                                         
         4 Middle East and Africa                                                                                                                                                                       

SQL> REM 1 CITY , COUNTRY_NAME , REGION_NAME 2 DEPARTMENT_NAME , CITY , COUNTRY_NAME 3 DEPARTMENT_NAME , CITY , STATE_PROVINCE , COUNTRY_NAME , REGION_NAME
SQL> 
SQL> SELECT CITY,COUNTRY_NAME,REGION_NAME
  2  FROM LOCATIONS
  3  NATURAL JOIN  COUNTRIES
  4  NATURAL JOIN REGIONS ;

CITY                           COUNTRY_NAME                             REGION_NAME                                                                                                                     
------------------------------ ---------------------------------------- -------------------------                                                                                                       
Southlake                      United States of America                 Americas                                                                                                                        
South San Francisco            United States of America                 Americas                                                                                                                        
Seattle                        United States of America                 Americas                                                                                                                        
Toronto                        Canada                                   Americas                                                                                                                        
Oxford                         United Kingdom                           Europe                                                                                                                          

SQL> 
SQL> SELECT CITY,COUNTRY_NAME,DEPARTMENT_NAME
  2  FROM LOCATIONS
  3  NATURAL JOIN  COUNTRIES
  4  NATURAL JOIN DEPARTMENTS ;

CITY                           COUNTRY_NAME                             DEPARTMENT_NAME                                                                                                                 
------------------------------ ---------------------------------------- ------------------------------                                                                                                  
Seattle                        United States of America                 Administration                                                                                                                  
Toronto                        Canada                                   Marketing                                                                                                                       
South San Francisco            United States of America                 Shiping                                                                                                                         
Southlake                      United States of America                 IT                                                                                                                              
Oxford                         United Kingdom                           Sales                                                                                                                           
Seattle                        United States of America                 Executive                                                                                                                       
Seattle                        United States of America                 Accounting                                                                                                                      
Seattle                        United States of America                 Contracting                                                                                                                     

8 rows selected.

SQL> 
SQL> SELECT CITY,DEPARTMENT_NAME,STATE_PROVINCE,COUNTRY_NAME,REGION_NAME
  2  FROM LOCATIONS
  3  NATURAL JOIN DEPARTMENTS
  4  NATURAL JOIN REGIONS
  5  NATURAL JOIN  COUNTRIES;

CITY                           DEPARTMENT_NAME                STATE_PROVINCE            COUNTRY_NAME                             REGION_NAME                                                            
------------------------------ ------------------------------ ------------------------- ---------------------------------------- -------------------------                                              
Seattle                        Administration                 Washington                United States of America                 Americas                                                               
Toronto                        Marketing                      Ontario                   Canada                                   Americas                                                               
South San Francisco            Shiping                        California                United States of America                 Americas                                                               
Southlake                      IT                             Texas                     United States of America                 Americas                                                               
Oxford                         Sales                          Oxford                    United Kingdom                           Europe                                                                 
Seattle                        Executive                      Washington                United States of America                 Americas                                                               
Seattle                        Accounting                     Washington                United States of America                 Americas                                                               
Seattle                        Contracting                    Washington                United States of America                 Americas                                                               

8 rows selected.

SQL> SELECT CITY,COUNTRY_NAME , REGION_NAME
  2  FROM LOCATIONS
  3  NATURAL JOIN COUNTRIES
  4  NATURAL JOIN REGIONS;

CITY                           COUNTRY_NAME                             REGION_NAME                                                                                                                     
------------------------------ ---------------------------------------- -------------------------                                                                                                       
Southlake                      United States of America                 Americas                                                                                                                        
South San Francisco            United States of America                 Americas                                                                                                                        
Seattle                        United States of America                 Americas                                                                                                                        
Toronto                        Canada                                   Americas                                                                                                                        
Oxford                         United Kingdom                           Europe                                                                                                                          

SQL> SELECT CITY,COUNTRY_NAME , REGION_NAME
  2  FROM LOCATIONS
  3  NATURAL JOIN COUNTRIES
  4  NATURAL JOIN REGIONS;

CITY                           COUNTRY_NAME                             REGION_NAME                                                                                                                     
------------------------------ ---------------------------------------- -------------------------                                                                                                       
Southlake                      United States of America                 Americas                                                                                                                        
South San Francisco            United States of America                 Americas                                                                                                                        
Seattle                        United States of America                 Americas                                                                                                                        
Toronto                        Canada                                   Americas                                                                                                                        
Oxford                         United Kingdom                           Europe                                                                                                                          

SQL> .SELECT DEPARTMENT_NAME , CITY , COUNTRY_NAME
SP2-0734: unknown command beginning ".SELECT DE..." - rest of line ignored.
SQL>  FROM DEPARTMENTS
SP2-0734: unknown command beginning "FROM DEPAR..." - rest of line ignored.
SQL> NATURAL JOIN LOCATIONS
SP2-0734: unknown command beginning "NATURAL JO..." - rest of line ignored.
SQL> NATURAL JOIN COUNTRIES;
SP2-0734: unknown command beginning "NATURAL JO..." - rest of line ignored.
SP2-0044: For a list of known commands enter HELP
and to leave enter EXIT.
SQL> 
SQL> 
SQL> SELECT DEPARTMENT_NAME , CITY , COUNTRY_NAME
  2   FROM DEPARTMENTS
  3  NATURAL JOIN LOCATIONS
  4  NATURAL JOIN COUNTRIES;

DEPARTMENT_NAME                CITY                           COUNTRY_NAME                                                                                                                              
------------------------------ ------------------------------ ----------------------------------------                                                                                                  
Administration                 Seattle                        United States of America                                                                                                                  
Marketing                      Toronto                        Canada                                                                                                                                    
Shiping                        South San Francisco            United States of America                                                                                                                  
IT                             Southlake                      United States of America                                                                                                                  
Sales                          Oxford                         United Kingdom                                                                                                                            
Executive                      Seattle                        United States of America                                                                                                                  
Accounting                     Seattle                        United States of America                                                                                                                  
Contracting                    Seattle                        United States of America                                                                                                                  

8 rows selected.

SQL> SELECT DEPARTMENT_NAME , CITY , STATE_PROVINCE,COUNTRY_NAME , REGION_NAME
  2   FROM DEPARTMENTS
  3  NATURAL JOIN LOCATIONS
  4  NATURAL JOIN COUNTRIES
  5  NATURAL JOIN REGIONS;

DEPARTMENT_NAME                CITY                           STATE_PROVINCE            COUNTRY_NAME                             REGION_NAME                                                            
------------------------------ ------------------------------ ------------------------- ---------------------------------------- -------------------------                                              
Administration                 Seattle                        Washington                United States of America                 Americas                                                               
Marketing                      Toronto                        Ontario                   Canada                                   Americas                                                               
Shiping                        South San Francisco            California                United States of America                 Americas                                                               
IT                             Southlake                      Texas                     United States of America                 Americas                                                               
Sales                          Oxford                         Oxford                    United Kingdom                           Europe                                                                 
Executive                      Seattle                        Washington                United States of America                 Americas                                                               
Accounting                     Seattle                        Washington                United States of America                 Americas                                                               
Contracting                    Seattle                        Washington                United States of America                 Americas                                                               

8 rows selected.

SQL> SELECT * FROM DEPARTMENTS;

DEPARTMENT_ID DEPARTMENT_NAME                MANAGER_ID LOCATION_ID                                                                                                                                     
------------- ------------------------------ ---------- -----------                                                                                                                                     
           10 Administration                        200        1700                                                                                                                                     
           20 Marketing                             201        1800                                                                                                                                     
           50 Shiping                               124        1500                                                                                                                                     
           60 IT                                    103        1400                                                                                                                                     
           80 Sales                                 149        2500                                                                                                                                     
           90 Executive                             100        1700                                                                                                                                     
          110 Accounting                            205        1700                                                                                                                                     
          190 Contracting                                      1700                                                                                                                                     

8 rows selected.

SQL> SELECT * FROM LOCATIONS;

LOCATION_ID STREET_ADRESS                            POSTAL_CODE  CITY                           STATE_PROVINCE            CO                                                                           
----------- ---------------------------------------- ------------ ------------------------------ ------------------------- --                                                                           
       1400 2014 Jabberwocky Rd                      26192        Southlake                      Texas                     US                                                                           
       1500 2011 Interiors Blvd                      99236        South San Francisco            California                US                                                                           
       1700 2004 Charade Rd                          98199        Seattle                        Washington                US                                                                           
       1800 460 Bloor St. W.                         ON M5S 1X8   Toronto                        Ontario                   CA                                                                           
       2500 Magdalen Centre, The Oxford Science Park OX9 9ZB      Oxford                         Oxford                    UK                                                                           

SQL> SELECT * FROM COUNTRIES;

CO COUNTRY_NAME                              REGION_ID                                                                                                                                                  
-- ---------------------------------------- ----------                                                                                                                                                  
CA Canada                                            2                                                                                                                                                  
DE Germany                                           1                                                                                                                                                  
UK United Kingdom                                    1                                                                                                                                                  
US United States of America                          2                                                                                                                                                  

SQL> REM DEPARTMENT_NAME , COUNTRY_NAME
SQL> 
SQL> REM DEPARTMENTS       COUNTRIES
SQL> 
SQL> REM E D L C R
SQL> 
SQL> REM   D   C
SQL> 
SQL> SELECT DEPRATMENT_NAME , COUNTRY_NAME
  2  FROM DEPARTMENTS
  3  NATURAL JOIN COUNTRIES;
SELECT DEPRATMENT_NAME , COUNTRY_NAME
       *
ERROR at line 1:
ORA-00904: "DEPRATMENT_NAME": invalid identifier 


SQL> SELECT DEPARTMENT_NAME , COUNTRY_NAME
  2  FROM DEPARTMENTS
  3  NATURAL JOIN COUNTRIES;

DEPARTMENT_NAME                COUNTRY_NAME                                                                                                                                                             
------------------------------ ----------------------------------------                                                                                                                                 
Administration                 Canada                                                                                                                                                                   
Marketing                      Canada                                                                                                                                                                   
Shiping                        Canada                                                                                                                                                                   
IT                             Canada                                                                                                                                                                   
Sales                          Canada                                                                                                                                                                   
Executive                      Canada                                                                                                                                                                   
Accounting                     Canada                                                                                                                                                                   
Contracting                    Canada                                                                                                                                                                   
Administration                 Germany                                                                                                                                                                  
Marketing                      Germany                                                                                                                                                                  
Shiping                        Germany                                                                                                                                                                  
IT                             Germany                                                                                                                                                                  
Sales                          Germany                                                                                                                                                                  
Executive                      Germany                                                                                                                                                                  
Accounting                     Germany                                                                                                                                                                  
Contracting                    Germany                                                                                                                                                                  
Administration                 United Kingdom                                                                                                                                                           
Marketing                      United Kingdom                                                                                                                                                           
Shiping                        United Kingdom                                                                                                                                                           
IT                             United Kingdom                                                                                                                                                           
Sales                          United Kingdom                                                                                                                                                           

DEPARTMENT_NAME                COUNTRY_NAME                                                                                                                                                             
------------------------------ ----------------------------------------                                                                                                                                 
Executive                      United Kingdom                                                                                                                                                           
Accounting                     United Kingdom                                                                                                                                                           
Contracting                    United Kingdom                                                                                                                                                           
Administration                 United States of America                                                                                                                                                 
Marketing                      United States of America                                                                                                                                                 
Shiping                        United States of America                                                                                                                                                 
IT                             United States of America                                                                                                                                                 
Sales                          United States of America                                                                                                                                                 
Executive                      United States of America                                                                                                                                                 
Accounting                     United States of America                                                                                                                                                 
Contracting                    United States of America                                                                                                                                                 

32 rows selected.

SQL> SELECT DEPRATMENT_NAME , COUNTRY_NAME
  2  FROM DEPARTMENTS
  3  NATURAL JOIN LOCATIONS
  4  NATURAL JOIN COUNTRIES;
SELECT DEPRATMENT_NAME , COUNTRY_NAME
       *
ERROR at line 1:
ORA-00904: "DEPRATMENT_NAME": invalid identifier 


SQL> SELECT DEPARTMENT_NAME , COUNTRY_NAME
  2  FROM DEPARTMENTS
  3  NATURAL JOIN LOCATIONS
  4  NATURAL JOIN COUNTRIES;

DEPARTMENT_NAME                COUNTRY_NAME                                                                                                                                                             
------------------------------ ----------------------------------------                                                                                                                                 
Administration                 United States of America                                                                                                                                                 
Marketing                      Canada                                                                                                                                                                   
Shiping                        United States of America                                                                                                                                                 
IT                             United States of America                                                                                                                                                 
Sales                          United Kingdom                                                                                                                                                           
Executive                      United States of America                                                                                                                                                 
Accounting                     United States of America                                                                                                                                                 
Contracting                    United States of America                                                                                                                                                 

8 rows selected.

SQL> REM NATURAL JOIN AND CROSS JOIN SUPPORTS TABLES IN ANY ORDER.
SQL> 
SQL> SELECT * FROM DEPARTMENTS;

DEPARTMENT_ID DEPARTMENT_NAME                MANAGER_ID LOCATION_ID                                                                                                                                     
------------- ------------------------------ ---------- -----------                                                                                                                                     
           10 Administration                        200        1700                                                                                                                                     
           20 Marketing                             201        1800                                                                                                                                     
           50 Shiping                               124        1500                                                                                                                                     
           60 IT                                    103        1400                                                                                                                                     
           80 Sales                                 149        2500                                                                                                                                     
           90 Executive                             100        1700                                                                                                                                     
          110 Accounting                            205        1700                                                                                                                                     
          190 Contracting                                      1700                                                                                                                                     

8 rows selected.

SQL> SELECT * FROM LOCATIONS;

LOCATION_ID STREET_ADRESS                            POSTAL_CODE  CITY                           STATE_PROVINCE            CO                                                                           
----------- ---------------------------------------- ------------ ------------------------------ ------------------------- --                                                                           
       1400 2014 Jabberwocky Rd                      26192        Southlake                      Texas                     US                                                                           
       1500 2011 Interiors Blvd                      99236        South San Francisco            California                US                                                                           
       1700 2004 Charade Rd                          98199        Seattle                        Washington                US                                                                           
       1800 460 Bloor St. W.                         ON M5S 1X8   Toronto                        Ontario                   CA                                                                           
       2500 Magdalen Centre, The Oxford Science Park OX9 9ZB      Oxford                         Oxford                    UK                                                                           

SQL> SELECT * FROM COUNTRIES;

CO COUNTRY_NAME                              REGION_ID                                                                                                                                                  
-- ---------------------------------------- ----------                                                                                                                                                  
CA Canada                                            2                                                                                                                                                  
DE Germany                                           1                                                                                                                                                  
UK United Kingdom                                    1                                                                                                                                                  
US United States of America                          2                                                                                                                                                  

SQL> SELECT * FROM REGIONS;

 REGION_ID REGION_NAME                                                                                                                                                                                  
---------- -------------------------                                                                                                                                                                    
         1 Europe                                                                                                                                                                                       
         2 Americas                                                                                                                                                                                     
         3 Asia                                                                                                                                                                                         
         4 Middle East and Africa                                                                                                                                                                       

SQL> REM 1 CITY , REGION_NAME   2 COUNTRY_NAME , DEPARTMENT_NAME 3 REGION_NAME , DEPARTMENT_NAME  4 CITY , REGION_NAME , DEPARTMENT_NAME
SQL> SELECT CITY , REGION_NAME
  2  FROM LOCATIONS
  3  NATURAL JOIN COUNTRIES
  4  NATURAL JOIN REGIONS;

CITY                           REGION_NAME                                                                                                                                                              
------------------------------ -------------------------                                                                                                                                                
Southlake                      Americas                                                                                                                                                                 
South San Francisco            Americas                                                                                                                                                                 
Seattle                        Americas                                                                                                                                                                 
Toronto                        Americas                                                                                                                                                                 
Oxford                         Europe                                                                                                                                                                   

SQL> SELECT COUNTRY_NAME , DEPARTMENT_NAME
  2  FROM DEPARTMENTS
  3  NATURAL JOIN LOCATIONS
  4  NATURAL JOIN COUNTRIES;

COUNTRY_NAME                             DEPARTMENT_NAME                                                                                                                                                
---------------------------------------- ------------------------------                                                                                                                                 
United States of America                 Administration                                                                                                                                                 
Canada                                   Marketing                                                                                                                                                      
United States of America                 Shiping                                                                                                                                                        
United States of America                 IT                                                                                                                                                             
United Kingdom                           Sales                                                                                                                                                          
United States of America                 Executive                                                                                                                                                      
United States of America                 Accounting                                                                                                                                                     
United States of America                 Contracting                                                                                                                                                    

8 rows selected.

SQL> 
SQL> SELECT REGION_NAME , DEPARTMENT_NAME
  2  FROM DEPARTMENTS
  3  NATURAL JOIN LOCATIONS
  4  NATURAL JOIN COUNTRIES
  5  NATURAL JOIN REGIONS;

REGION_NAME               DEPARTMENT_NAME                                                                                                                                                               
------------------------- ------------------------------                                                                                                                                                
Americas                  Administration                                                                                                                                                                
Americas                  Marketing                                                                                                                                                                     
Americas                  Shiping                                                                                                                                                                       
Americas                  IT                                                                                                                                                                            
Europe                    Sales                                                                                                                                                                         
Americas                  Executive                                                                                                                                                                     
Americas                  Accounting                                                                                                                                                                    
Americas                  Contracting                                                                                                                                                                   

8 rows selected.

SQL> 
SQL> SELECT CITY , REGION_NAME , DEPARTMENT_NAME
  2  FROM DEPARTMENTS
  3  NATURAL JOIN LOCATIONS
  4  NATURAL JOIN COUNTRIES
  5  NATURAL JOIN REGIONS;

CITY                           REGION_NAME               DEPARTMENT_NAME                                                                                                                                
------------------------------ ------------------------- ------------------------------                                                                                                                 
Seattle                        Americas                  Administration                                                                                                                                 
Toronto                        Americas                  Marketing                                                                                                                                      
South San Francisco            Americas                  Shiping                                                                                                                                        
Southlake                      Americas                  IT                                                                                                                                             
Oxford                         Europe                    Sales                                                                                                                                          
Seattle                        Americas                  Executive                                                                                                                                      
Seattle                        Americas                  Accounting                                                                                                                                     
Seattle                        Americas                  Contracting                                                                                                                                    

8 rows selected.

SQL> SELECT CITY , REGION_NAME
  2   FROM LOCATIONS
  3  NATURAL JOIN COUNTRIES
  4  NATURAL JOIN REGIONS;

CITY                           REGION_NAME                                                                                                                                                              
------------------------------ -------------------------                                                                                                                                                
Southlake                      Americas                                                                                                                                                                 
South San Francisco            Americas                                                                                                                                                                 
Seattle                        Americas                                                                                                                                                                 
Toronto                        Americas                                                                                                                                                                 
Oxford                         Europe                                                                                                                                                                   

SQL> 
SQL> SELECT COUNTRY_NAME , DEPARTMENT_NAME
  2  FROM DEPARTMENTS
  3  NATURAL JOIN LOCATIONS
  4  NATURAL JOIN COUNTRIES;

COUNTRY_NAME                             DEPARTMENT_NAME                                                                                                                                                
---------------------------------------- ------------------------------                                                                                                                                 
United States of America                 Administration                                                                                                                                                 
Canada                                   Marketing                                                                                                                                                      
United States of America                 Shiping                                                                                                                                                        
United States of America                 IT                                                                                                                                                             
United Kingdom                           Sales                                                                                                                                                          
United States of America                 Executive                                                                                                                                                      
United States of America                 Accounting                                                                                                                                                     
United States of America                 Contracting                                                                                                                                                    

8 rows selected.

SQL> 
SQL> SELECT REGION_NAME , DEPARTMENT_NAME
  2  FROM DEPARTMENTS
  3  NATURAL JOIN LOCATIONS
  4  NATURAL JOIN COUNTRIES
  5  NATURAL JOIN REGIONS;

REGION_NAME               DEPARTMENT_NAME                                                                                                                                                               
------------------------- ------------------------------                                                                                                                                                
Americas                  Administration                                                                                                                                                                
Americas                  Marketing                                                                                                                                                                     
Americas                  Shiping                                                                                                                                                                       
Americas                  IT                                                                                                                                                                            
Europe                    Sales                                                                                                                                                                         
Americas                  Executive                                                                                                                                                                     
Americas                  Accounting                                                                                                                                                                    
Americas                  Contracting                                                                                                                                                                   

8 rows selected.

SQL> 
SQL> SELECT CITY,REGION_NAME , DEPARTMENT_NAME
  2  FROM DEPARTMENTS
  3  NATURAL JOIN LOCATIONS
  4  NATURAL JOIN COUNTRIES
  5  NATURAL JOIN REGIONS;

CITY                           REGION_NAME               DEPARTMENT_NAME                                                                                                                                
------------------------------ ------------------------- ------------------------------                                                                                                                 
Seattle                        Americas                  Administration                                                                                                                                 
Toronto                        Americas                  Marketing                                                                                                                                      
South San Francisco            Americas                  Shiping                                                                                                                                        
Southlake                      Americas                  IT                                                                                                                                             
Oxford                         Europe                    Sales                                                                                                                                          
Seattle                        Americas                  Executive                                                                                                                                      
Seattle                        Americas                  Accounting                                                                                                                                     
Seattle                        Americas                  Contracting                                                                                                                                    

8 rows selected.

SQL> REM CARTESIAN PRODUCT : ALL POSSIBLE JOINS/COMBINATIONS
SQL> 
SQL> REM CROSS JOIN : GENERATES CARTESIAN PRODUCT
SQL> 
SQL> 
SQL> SELECT * FROM DEPARTMENTS;

DEPARTMENT_ID DEPARTMENT_NAME                MANAGER_ID LOCATION_ID                                                                                                                                     
------------- ------------------------------ ---------- -----------                                                                                                                                     
           10 Administration                        200        1700                                                                                                                                     
           20 Marketing                             201        1800                                                                                                                                     
           50 Shiping                               124        1500                                                                                                                                     
           60 IT                                    103        1400                                                                                                                                     
           80 Sales                                 149        2500                                                                                                                                     
           90 Executive                             100        1700                                                                                                                                     
          110 Accounting                            205        1700                                                                                                                                     
          190 Contracting                                      1700                                                                                                                                     

8 rows selected.

SQL> SELECT * FROM LOCATIONS;

LOCATION_ID STREET_ADRESS                            POSTAL_CODE  CITY                           STATE_PROVINCE            CO                                                                           
----------- ---------------------------------------- ------------ ------------------------------ ------------------------- --                                                                           
       1400 2014 Jabberwocky Rd                      26192        Southlake                      Texas                     US                                                                           
       1500 2011 Interiors Blvd                      99236        South San Francisco            California                US                                                                           
       1700 2004 Charade Rd                          98199        Seattle                        Washington                US                                                                           
       1800 460 Bloor St. W.                         ON M5S 1X8   Toronto                        Ontario                   CA                                                                           
       2500 Magdalen Centre, The Oxford Science Park OX9 9ZB      Oxford                         Oxford                    UK                                                                           

SQL> SELECT DEPARTMENT_NAME , CITY
  2  FROM DEPARTMENTS
  3  NATURAL JOIN LOCATINS;
NATURAL JOIN LOCATINS
             *
ERROR at line 3:
ORA-00942: table or view does not exist 


SQL> SELECT DEPARTMENT_NAME , CITY
  2  FROM DEPARTMENTS
  3  NATURAL JOIN LOCATIONS;

DEPARTMENT_NAME                CITY                                                                                                                                                                     
------------------------------ ------------------------------                                                                                                                                           
Administration                 Seattle                                                                                                                                                                  
Marketing                      Toronto                                                                                                                                                                  
Shiping                        South San Francisco                                                                                                                                                      
IT                             Southlake                                                                                                                                                                
Sales                          Oxford                                                                                                                                                                   
Executive                      Seattle                                                                                                                                                                  
Accounting                     Seattle                                                                                                                                                                  
Contracting                    Seattle                                                                                                                                                                  

8 rows selected.

SQL> SELECT DEPARTMENT_NAME , CITY
  2  FROM DEPARTMENTS
  3  CROSS JOIN LOCATIONS;

DEPARTMENT_NAME                CITY                                                                                                                                                                     
------------------------------ ------------------------------                                                                                                                                           
Administration                 Southlake                                                                                                                                                                
Marketing                      Southlake                                                                                                                                                                
Shiping                        Southlake                                                                                                                                                                
IT                             Southlake                                                                                                                                                                
Sales                          Southlake                                                                                                                                                                
Executive                      Southlake                                                                                                                                                                
Accounting                     Southlake                                                                                                                                                                
Contracting                    Southlake                                                                                                                                                                
Administration                 South San Francisco                                                                                                                                                      
Marketing                      South San Francisco                                                                                                                                                      
Shiping                        South San Francisco                                                                                                                                                      
IT                             South San Francisco                                                                                                                                                      
Sales                          South San Francisco                                                                                                                                                      
Executive                      South San Francisco                                                                                                                                                      
Accounting                     South San Francisco                                                                                                                                                      
Contracting                    South San Francisco                                                                                                                                                      
Administration                 Seattle                                                                                                                                                                  
Marketing                      Seattle                                                                                                                                                                  
Shiping                        Seattle                                                                                                                                                                  
IT                             Seattle                                                                                                                                                                  
Sales                          Seattle                                                                                                                                                                  

DEPARTMENT_NAME                CITY                                                                                                                                                                     
------------------------------ ------------------------------                                                                                                                                           
Executive                      Seattle                                                                                                                                                                  
Accounting                     Seattle                                                                                                                                                                  
Contracting                    Seattle                                                                                                                                                                  
Administration                 Toronto                                                                                                                                                                  
Marketing                      Toronto                                                                                                                                                                  
Shiping                        Toronto                                                                                                                                                                  
IT                             Toronto                                                                                                                                                                  
Sales                          Toronto                                                                                                                                                                  
Executive                      Toronto                                                                                                                                                                  
Accounting                     Toronto                                                                                                                                                                  
Contracting                    Toronto                                                                                                                                                                  
Administration                 Oxford                                                                                                                                                                   
Marketing                      Oxford                                                                                                                                                                   
Shiping                        Oxford                                                                                                                                                                   
IT                             Oxford                                                                                                                                                                   
Sales                          Oxford                                                                                                                                                                   
Executive                      Oxford                                                                                                                                                                   
Accounting                     Oxford                                                                                                                                                                   
Contracting                    Oxford                                                                                                                                                                   

40 rows selected.

SQL> SELECT * FROM DEPARTMENTS;

DEPARTMENT_ID DEPARTMENT_NAME                MANAGER_ID LOCATION_ID                                                                                                                                     
------------- ------------------------------ ---------- -----------                                                                                                                                     
           10 Administration                        200        1700                                                                                                                                     
           20 Marketing                             201        1800                                                                                                                                     
           50 Shiping                               124        1500                                                                                                                                     
           60 IT                                    103        1400                                                                                                                                     
           80 Sales                                 149        2500                                                                                                                                     
           90 Executive                             100        1700                                                                                                                                     
          110 Accounting                            205        1700                                                                                                                                     
          190 Contracting                                      1700                                                                                                                                     

8 rows selected.

SQL> SELECT * FROM LOCATIONS;

LOCATION_ID STREET_ADRESS                            POSTAL_CODE  CITY                           STATE_PROVINCE            CO                                                                           
----------- ---------------------------------------- ------------ ------------------------------ ------------------------- --                                                                           
       1400 2014 Jabberwocky Rd                      26192        Southlake                      Texas                     US                                                                           
       1500 2011 Interiors Blvd                      99236        South San Francisco            California                US                                                                           
       1700 2004 Charade Rd                          98199        Seattle                        Washington                US                                                                           
       1800 460 Bloor St. W.                         ON M5S 1X8   Toronto                        Ontario                   CA                                                                           
       2500 Magdalen Centre, The Oxford Science Park OX9 9ZB      Oxford                         Oxford                    UK                                                                           

SQL> SELECT * FROM COUNTRIES;

CO COUNTRY_NAME                              REGION_ID                                                                                                                                                  
-- ---------------------------------------- ----------                                                                                                                                                  
CA Canada                                            2                                                                                                                                                  
DE Germany                                           1                                                                                                                                                  
UK United Kingdom                                    1                                                                                                                                                  
US United States of America                          2                                                                                                                                                  

SQL> REM SELECT DEPARTMENT_NAME , COUNTRY_NAME FROM DEPARTMENTS NATURAL JOIN COUNTRIES;
SQL> 
SQL> REM SELECT DEPARTMENT_NAME , COUNTRY_NAME FROM DEPARTMENTS CROSS JOIN COUNTRIES;
SQL> 
SQL> SELECT DEPARTMENT_NAME , COUNTRY_NAME FROM DEPARTMENTS NATURAL JOIN COUNTRIES;

DEPARTMENT_NAME                COUNTRY_NAME                                                                                                                                                             
------------------------------ ----------------------------------------                                                                                                                                 
Administration                 Canada                                                                                                                                                                   
Marketing                      Canada                                                                                                                                                                   
Shiping                        Canada                                                                                                                                                                   
IT                             Canada                                                                                                                                                                   
Sales                          Canada                                                                                                                                                                   
Executive                      Canada                                                                                                                                                                   
Accounting                     Canada                                                                                                                                                                   
Contracting                    Canada                                                                                                                                                                   
Administration                 Germany                                                                                                                                                                  
Marketing                      Germany                                                                                                                                                                  
Shiping                        Germany                                                                                                                                                                  
IT                             Germany                                                                                                                                                                  
Sales                          Germany                                                                                                                                                                  
Executive                      Germany                                                                                                                                                                  
Accounting                     Germany                                                                                                                                                                  
Contracting                    Germany                                                                                                                                                                  
Administration                 United Kingdom                                                                                                                                                           
Marketing                      United Kingdom                                                                                                                                                           
Shiping                        United Kingdom                                                                                                                                                           
IT                             United Kingdom                                                                                                                                                           
Sales                          United Kingdom                                                                                                                                                           

DEPARTMENT_NAME                COUNTRY_NAME                                                                                                                                                             
------------------------------ ----------------------------------------                                                                                                                                 
Executive                      United Kingdom                                                                                                                                                           
Accounting                     United Kingdom                                                                                                                                                           
Contracting                    United Kingdom                                                                                                                                                           
Administration                 United States of America                                                                                                                                                 
Marketing                      United States of America                                                                                                                                                 
Shiping                        United States of America                                                                                                                                                 
IT                             United States of America                                                                                                                                                 
Sales                          United States of America                                                                                                                                                 
Executive                      United States of America                                                                                                                                                 
Accounting                     United States of America                                                                                                                                                 
Contracting                    United States of America                                                                                                                                                 

32 rows selected.

SQL> SELECT DEPARTMENT_NAME , COUNTRY_NAME FROM DEPARTMENTS CROSS JOIN COUNTRIES;

DEPARTMENT_NAME                COUNTRY_NAME                                                                                                                                                             
------------------------------ ----------------------------------------                                                                                                                                 
Administration                 Canada                                                                                                                                                                   
Marketing                      Canada                                                                                                                                                                   
Shiping                        Canada                                                                                                                                                                   
IT                             Canada                                                                                                                                                                   
Sales                          Canada                                                                                                                                                                   
Executive                      Canada                                                                                                                                                                   
Accounting                     Canada                                                                                                                                                                   
Contracting                    Canada                                                                                                                                                                   
Administration                 Germany                                                                                                                                                                  
Marketing                      Germany                                                                                                                                                                  
Shiping                        Germany                                                                                                                                                                  
IT                             Germany                                                                                                                                                                  
Sales                          Germany                                                                                                                                                                  
Executive                      Germany                                                                                                                                                                  
Accounting                     Germany                                                                                                                                                                  
Contracting                    Germany                                                                                                                                                                  
Administration                 United Kingdom                                                                                                                                                           
Marketing                      United Kingdom                                                                                                                                                           
Shiping                        United Kingdom                                                                                                                                                           
IT                             United Kingdom                                                                                                                                                           
Sales                          United Kingdom                                                                                                                                                           

DEPARTMENT_NAME                COUNTRY_NAME                                                                                                                                                             
------------------------------ ----------------------------------------                                                                                                                                 
Executive                      United Kingdom                                                                                                                                                           
Accounting                     United Kingdom                                                                                                                                                           
Contracting                    United Kingdom                                                                                                                                                           
Administration                 United States of America                                                                                                                                                 
Marketing                      United States of America                                                                                                                                                 
Shiping                        United States of America                                                                                                                                                 
IT                             United States of America                                                                                                                                                 
Sales                          United States of America                                                                                                                                                 
Executive                      United States of America                                                                                                                                                 
Accounting                     United States of America                                                                                                                                                 
Contracting                    United States of America                                                                                                                                                 

32 rows selected.

SQL> SELECT * FROM COUNTRIES;

CO COUNTRY_NAME                              REGION_ID                                                                                                                                                  
-- ---------------------------------------- ----------                                                                                                                                                  
CA Canada                                            2                                                                                                                                                  
DE Germany                                           1                                                                                                                                                  
UK United Kingdom                                    1                                                                                                                                                  
US United States of America                          2                                                                                                                                                  

SQL> SELECT * FROM REGIONS;

 REGION_ID REGION_NAME                                                                                                                                                                                  
---------- -------------------------                                                                                                                                                                    
         1 Europe                                                                                                                                                                                       
         2 Americas                                                                                                                                                                                     
         3 Asia                                                                                                                                                                                         
         4 Middle East and Africa                                                                                                                                                                       

SQL> SELECT *
  2  FROM COUNTRIES
  3  NATURAL JOIN REGIONS;

 REGION_ID CO COUNTRY_NAME                             REGION_NAME                                                                                                                                      
---------- -- ---------------------------------------- -------------------------                                                                                                                        
         1 DE Germany                                  Europe                                                                                                                                           
         1 UK United Kingdom                           Europe                                                                                                                                           
         2 CA Canada                                   Americas                                                                                                                                         
         2 US United States of America                 Americas                                                                                                                                         

SQL> SELECT *
  2  FROM REGIONS
  3  NATURAL JOIN COUNTRIES;

 REGION_ID REGION_NAME               CO COUNTRY_NAME                                                                                                                                                    
---------- ------------------------- -- ----------------------------------------                                                                                                                        
         2 Americas                  CA Canada                                                                                                                                                          
         1 Europe                    DE Germany                                                                                                                                                         
         1 Europe                    UK United Kingdom                                                                                                                                                  
         2 Americas                  US United States of America                                                                                                                                        

SQL> SELECT * FROM COUNTRIES;

CO COUNTRY_NAME                              REGION_ID                                                                                                                                                  
-- ---------------------------------------- ----------                                                                                                                                                  
CA Canada                                            2                                                                                                                                                  
DE Germany                                           1                                                                                                                                                  
UK United Kingdom                                    1                                                                                                                                                  
US United States of America                          2                                                                                                                                                  

SQL> SELECT * FROM REGIONS;

 REGION_ID REGION_NAME                                                                                                                                                                                  
---------- -------------------------                                                                                                                                                                    
         1 Europe                                                                                                                                                                                       
         2 Americas                                                                                                                                                                                     
         3 Asia                                                                                                                                                                                         
         4 Middle East and Africa                                                                                                                                                                       

SQL> SELECT *
  2  FROM COUNTRIES
  3  CROSS JOIN REGIONS;

CO COUNTRY_NAME                              REGION_ID  REGION_ID REGION_NAME                                                                                                                           
-- ---------------------------------------- ---------- ---------- -------------------------                                                                                                             
CA Canada                                            2          1 Europe                                                                                                                                
CA Canada                                            2          2 Americas                                                                                                                              
CA Canada                                            2          3 Asia                                                                                                                                  
CA Canada                                            2          4 Middle East and Africa                                                                                                                
DE Germany                                           1          1 Europe                                                                                                                                
DE Germany                                           1          2 Americas                                                                                                                              
DE Germany                                           1          3 Asia                                                                                                                                  
DE Germany                                           1          4 Middle East and Africa                                                                                                                
UK United Kingdom                                    1          1 Europe                                                                                                                                
UK United Kingdom                                    1          2 Americas                                                                                                                              
UK United Kingdom                                    1          3 Asia                                                                                                                                  
UK United Kingdom                                    1          4 Middle East and Africa                                                                                                                
US United States of America                          2          1 Europe                                                                                                                                
US United States of America                          2          2 Americas                                                                                                                              
US United States of America                          2          3 Asia                                                                                                                                  
US United States of America                          2          4 Middle East and Africa                                                                                                                

16 rows selected.

SQL> SELECT *
  2  FROM REGIONS
  3  CROSS JOIN COUNTRIES;

 REGION_ID REGION_NAME               CO COUNTRY_NAME                              REGION_ID                                                                                                             
---------- ------------------------- -- ---------------------------------------- ----------                                                                                                             
         1 Europe                    CA Canada                                            2                                                                                                             
         2 Americas                  CA Canada                                            2                                                                                                             
         3 Asia                      CA Canada                                            2                                                                                                             
         4 Middle East and Africa    CA Canada                                            2                                                                                                             
         1 Europe                    DE Germany                                           1                                                                                                             
         2 Americas                  DE Germany                                           1                                                                                                             
         3 Asia                      DE Germany                                           1                                                                                                             
         4 Middle East and Africa    DE Germany                                           1                                                                                                             
         1 Europe                    UK United Kingdom                                    1                                                                                                             
         2 Americas                  UK United Kingdom                                    1                                                                                                             
         3 Asia                      UK United Kingdom                                    1                                                                                                             
         4 Middle East and Africa    UK United Kingdom                                    1                                                                                                             
         1 Europe                    US United States of America                          2                                                                                                             
         2 Americas                  US United States of America                          2                                                                                                             
         3 Asia                      US United States of America                          2                                                                                                             
         4 Middle East and Africa    US United States of America                          2                                                                                                             

16 rows selected.

SQL> SELECT * FROM DEPARTMENTS;

DEPARTMENT_ID DEPARTMENT_NAME                MANAGER_ID LOCATION_ID                                                                                                                                     
------------- ------------------------------ ---------- -----------                                                                                                                                     
           10 Administration                        200        1700                                                                                                                                     
           20 Marketing                             201        1800                                                                                                                                     
           50 Shiping                               124        1500                                                                                                                                     
           60 IT                                    103        1400                                                                                                                                     
           80 Sales                                 149        2500                                                                                                                                     
           90 Executive                             100        1700                                                                                                                                     
          110 Accounting                            205        1700                                                                                                                                     
          190 Contracting                                      1700                                                                                                                                     

8 rows selected.

SQL> SELECT * FROM LOCATIONS;

LOCATION_ID STREET_ADRESS                            POSTAL_CODE  CITY                           STATE_PROVINCE            CO                                                                           
----------- ---------------------------------------- ------------ ------------------------------ ------------------------- --                                                                           
       1400 2014 Jabberwocky Rd                      26192        Southlake                      Texas                     US                                                                           
       1500 2011 Interiors Blvd                      99236        South San Francisco            California                US                                                                           
       1700 2004 Charade Rd                          98199        Seattle                        Washington                US                                                                           
       1800 460 Bloor St. W.                         ON M5S 1X8   Toronto                        Ontario                   CA                                                                           
       2500 Magdalen Centre, The Oxford Science Park OX9 9ZB      Oxford                         Oxford                    UK                                                                           

SQL> SELECT * FROM COUNTRIES;

CO COUNTRY_NAME                              REGION_ID                                                                                                                                                  
-- ---------------------------------------- ----------                                                                                                                                                  
CA Canada                                            2                                                                                                                                                  
DE Germany                                           1                                                                                                                                                  
UK United Kingdom                                    1                                                                                                                                                  
US United States of America                          2                                                                                                                                                  

SQL> SELECT DEPARTMENT_NAME , CITY , COUNTRY_NAME
  2  FROM DEPARTMENTS
  3  NATURAL JOIN COUNTRIES
  4  
SQL> 
SQL> SELECT DEPARTMENT_NAME , CITY , COUNTRY_NAME
  2  FROM DEPARTMENTS
  3  NATURAL JOIN LOCATIONS
  4  CROSS JOIN COUNTRIES;

DEPARTMENT_NAME                CITY                           COUNTRY_NAME                                                                                                                              
------------------------------ ------------------------------ ----------------------------------------                                                                                                  
Administration                 Seattle                        Canada                                                                                                                                    
Administration                 Seattle                        Germany                                                                                                                                   
Administration                 Seattle                        United Kingdom                                                                                                                            
Administration                 Seattle                        United States of America                                                                                                                  
Marketing                      Toronto                        Canada                                                                                                                                    
Marketing                      Toronto                        Germany                                                                                                                                   
Marketing                      Toronto                        United Kingdom                                                                                                                            
Marketing                      Toronto                        United States of America                                                                                                                  
Shiping                        South San Francisco            Canada                                                                                                                                    
Shiping                        South San Francisco            Germany                                                                                                                                   
Shiping                        South San Francisco            United Kingdom                                                                                                                            
Shiping                        South San Francisco            United States of America                                                                                                                  
IT                             Southlake                      Canada                                                                                                                                    
IT                             Southlake                      Germany                                                                                                                                   
IT                             Southlake                      United Kingdom                                                                                                                            
IT                             Southlake                      United States of America                                                                                                                  
Sales                          Oxford                         Canada                                                                                                                                    
Sales                          Oxford                         Germany                                                                                                                                   
Sales                          Oxford                         United Kingdom                                                                                                                            
Sales                          Oxford                         United States of America                                                                                                                  
Executive                      Seattle                        Canada                                                                                                                                    

DEPARTMENT_NAME                CITY                           COUNTRY_NAME                                                                                                                              
------------------------------ ------------------------------ ----------------------------------------                                                                                                  
Executive                      Seattle                        Germany                                                                                                                                   
Executive                      Seattle                        United Kingdom                                                                                                                            
Executive                      Seattle                        United States of America                                                                                                                  
Accounting                     Seattle                        Canada                                                                                                                                    
Accounting                     Seattle                        Germany                                                                                                                                   
Accounting                     Seattle                        United Kingdom                                                                                                                            
Accounting                     Seattle                        United States of America                                                                                                                  
Contracting                    Seattle                        Canada                                                                                                                                    
Contracting                    Seattle                        Germany                                                                                                                                   
Contracting                    Seattle                        United Kingdom                                                                                                                            
Contracting                    Seattle                        United States of America                                                                                                                  

32 rows selected.

SQL> SPOOL OFF
