SQL> 
SQL> REM SUB QUERY : IT IS NOTHING BUT SELECT STATEMENT WITHIN ANOTHER STATEMENT.
SQL> 
SQL> REM OUTER STATEMENT MAY BE SELECT , CREATE , INSERT ....
SQL> 
SQL> REM INNER STATEMENT IS GENERALLY SELECT ONLY
SQL> 
SQL> 
SQL> REM INNER STAEMENT WILL GET EXECUTED FIRST
SQL> 
SQL> REM RESULT OF SUB QUERY / INNER STATEMENT WILL NOT GET DISPLAYED ON SCREEN, BUT WILL BE USED BY MAIN / OUTER STATEMENT
SQL> 
SQL> 
SQL> REM OUTER/INNER
SQL> 
SQL> REM PARENT/CHILD
SQL> 
SQL> REM MAIN/SUB
SQL> 
SQL> 
SQL> REM 4 TYPES OF REQUIREMENTS CAN BE SOLVED USING SUB QUERY :
SQL> 
SQL> REM 1 IF WE WANT TO COMPARE SUMMARY ITEM/GROUP FUNCTION IN 'WHERE' CLAUSE.
SQL> 
SQL> REM 2 IF OUR MAIN REQUIREMENT HAS SOME HIDDEN REQUIREMENT.
SQL> 
SQL> REM 3 IF WE WANT TO COMPARE NESTED SUMMARY ITEM IN 'HAVING' CLAUSE.
SQL> 
SQL> REM 4 IF WE WANT TO USE RESULT OF SUB QUERY AS ONE OF THE TABLE OF OUR MAIN QUERY.
SQL> 
SQL> 
SQL> 
SQL> 
SQL> REM 1 IF WE WANT TO COMPARE SUMMARY ITEM/GROUP FUNCTION IN 'WHERE' CLAUSE.
SQL> 
SQL> REM SELECT EXECUTION PRECEDENCE : FROM -> WHERE -> GROUP BY -> HAVING -> COLUMN ALIAS ATTACHMENT -> ORDER BY -> OFFSET -> FETCH -> SELECT ...
SQL> 
SQL> REM DISPLAY THOSE WHO GETS HIGHER SALARY THAN AVERAGE SALARY PAID BY COMPANY.
SQL> 
SQL> REM SALARY      > AVG(SALARY)
SQL> 
SQL> REM NON-SUMMARY > SUMMARY ITEM
SQL> 
SQL> SELECT FIRST_NAME , SALARY FROM EMPLOYEES WHERE SALARY > AVG(SALARY);
SELECT FIRST_NAME , SALARY FROM EMPLOYEES WHERE SALARY > AVG(SALARY)
                                                         *
ERROR at line 1:
ORA-00934: group function is not allowed here 


SQL> SELECT FIRST_NAME , SALARY FROM EMPLOYEES WHERE SALARY > (SELECT AVG(SALARY) FROM EMPLOYEES);

FIRST_NAME          SALARY                                                                                                                                                                                                                                                                                                                                                                                                                                                                                                                                                                                                                                                                                                                                                                                                                                                                                                                                                                                                              
--------------- ----------                                                                                                                                                                                                                                                                                                                                                                                                                                                                                                                                                                                                                                                                                                                                                                                                                                                                                                                                                                                                              
Steven               24000                                                                                                                                                                                                                                                                                                                                                                                                                                                                                                                                                                                                                                                                                                                                                                                                                                                                                                                                                                                                              
Neena                17000                                                                                                                                                                                                                                                                                                                                                                                                                                                                                                                                                                                                                                                                                                                                                                                                                                                                                                                                                                                                              
Lex                  17000                                                                                                                                                                                                                                                                                                                                                                                                                                                                                                                                                                                                                                                                                                                                                                                                                                                                                                                                                                                                              
Alexander             9000                                                                                                                                                                                                                                                                                                                                                                                                                                                                                                                                                                                                                                                                                                                                                                                                                                                                                                                                                                                                              
Eleni                10500                                                                                                                                                                                                                                                                                                                                                                                                                                                                                                                                                                                                                                                                                                                                                                                                                                                                                                                                                                                                              
Ellen                11000                                                                                                                                                                                                                                                                                                                                                                                                                                                                                                                                                                                                                                                                                                                                                                                                                                                                                                                                                                                                              
Michael              13000                                                                                                                                                                                                                                                                                                                                                                                                                                                                                                                                                                                                                                                                                                                                                                                                                                                                                                                                                                                                              
Shelley              12000                                                                                                                                                                                                                                                                                                                                                                                                                                                                                                                                                                                                                                                                                                                                                                                                                                                                                                                                                                                                              

8 rows selected.

SQL> SELECT AVG(SALARY) FROM EMPLOYEES;

AVG(SALARY)                                                                                                                                                                                                                                                                                                                                                                                                                                                                                                                                                                                                                                                                                                                                                                                                                                                                                                                                                                                                                             
-----------                                                                                                                                                                                                                                                                                                                                                                                                                                                                                                                                                                                                                                                                                                                                                                                                                                                                                                                                                                                                                             
       8775                                                                                                                                                                                                                                                                                                                                                                                                                                                                                                                                                                                                                                                                                                                                                                                                                                                                                                                                                                                                                             

SQL> SELECT * FROM EMPLOYEES;

EMPLOYEE_ID FIRST_NAME      LAST_NAME       EMAIL      PHONE_NUMBER         HIRE_DATE JOB_ID         SALARY COMMISSION_PCT MANAGER_ID DEPARTMENT_ID                                                                                                                                                                                                                                                                                                                                                                                                                                                                                                                                                                                                                                                                                                                                                                                                                                                                                     
----------- --------------- --------------- ---------- -------------------- --------- ---------- ---------- -------------- ---------- -------------                                                                                                                                                                                                                                                                                                                                                                                                                                                                                                                                                                                                                                                                                                                                                                                                                                                                                     
        100 Steven          King            SKING      515.123.4567         17-JUL-87 AD_PRES         24000                                      90                                                                                                                                                                                                                                                                                                                                                                                                                                                                                                                                                                                                                                                                                                                                                                                                                                                                                     
        101 Neena           Kochhar         NKOCHHAR   515.123.4568         21-SEP-89 AD_VP           17000                       100            90                                                                                                                                                                                                                                                                                                                                                                                                                                                                                                                                                                                                                                                                                                                                                                                                                                                                                     
        102 Lex             De Haan         LDEHAAN    515.123.4569         13-JAN-93 AD_VP           17000                       100            90                                                                                                                                                                                                                                                                                                                                                                                                                                                                                                                                                                                                                                                                                                                                                                                                                                                                                     
        103 Alexander       Hunold          AHUNOLD    590.423.4567         03-JAN-90 IT_PROG          9000                       102            60                                                                                                                                                                                                                                                                                                                                                                                                                                                                                                                                                                                                                                                                                                                                                                                                                                                                                     
        104 Bruce           Ernst           BERNST     590.423.4568         21-MAY-91 IT_PROG          6000                       103            60                                                                                                                                                                                                                                                                                                                                                                                                                                                                                                                                                                                                                                                                                                                                                                                                                                                                                     
        107 Diana           Lorentz         DLORENTZ   590.423.5567         07-FEB-99 IT_PROG          4200                       103            60                                                                                                                                                                                                                                                                                                                                                                                                                                                                                                                                                                                                                                                                                                                                                                                                                                                                                     
        124 Kevin           Mourgos         KMOURGOS   650.123.5234         16-NOV-99 ST_MAN           5800                       100            50                                                                                                                                                                                                                                                                                                                                                                                                                                                                                                                                                                                                                                                                                                                                                                                                                                                                                     
        141 Trenna          Rajs            TRAJS      650.121.8009         17-OCT-95 ST_CLERK         3500                       124            50                                                                                                                                                                                                                                                                                                                                                                                                                                                                                                                                                                                                                                                                                                                                                                                                                                                                                     
        142 Curtis          Davies          CDAVIES    650.121.2994         29-JAN-97 ST_CLERK         3100                       124            50                                                                                                                                                                                                                                                                                                                                                                                                                                                                                                                                                                                                                                                                                                                                                                                                                                                                                     
        143 Randall         Matos           RMATOS     650.121.2874         15-MAR-98 ST_CLERK         2600                       124            50                                                                                                                                                                                                                                                                                                                                                                                                                                                                                                                                                                                                                                                                                                                                                                                                                                                                                     
        144 Peter           Vargas                     650.121.2004         09-JUL-98 ST_CLERK         2500                       124            50                                                                                                                                                                                                                                                                                                                                                                                                                                                                                                                                                                                                                                                                                                                                                                                                                                                                                     
        149 Eleni           Zlotkey         EZLOTKEY   011.44.1344.429018   29-JAN-00 SA_MAN          10500             .2        100            80                                                                                                                                                                                                                                                                                                                                                                                                                                                                                                                                                                                                                                                                                                                                                                                                                                                                                     
        174 Ellen           Abel            EABEL      011.44.1644.429267   11-MAY-96 SA_REP          11000             .3        149            80                                                                                                                                                                                                                                                                                                                                                                                                                                                                                                                                                                                                                                                                                                                                                                                                                                                                                     
        176 Jonathon        Taylor          JTAYLOR    011.44.1644.429265   24-MAR-98 SA_REP           8600             .3        149            80                                                                                                                                                                                                                                                                                                                                                                                                                                                                                                                                                                                                                                                                                                                                                                                                                                                                                     
        178 Kimerely        Grant           KGRANT     011.44.1644.429263   24-MAY-99 SA_REP           7000            .15        149                                                                                                                                                                                                                                                                                                                                                                                                                                                                                                                                                                                                                                                                                                                                                                                                                                                                                                   
        200 Jennifer        Whalen          JWHALEN    515.123.4444         17-SEP-87 AD_ASST          4400                       101            10                                                                                                                                                                                                                                                                                                                                                                                                                                                                                                                                                                                                                                                                                                                                                                                                                                                                                     
        201 Michael         Hartstein       MHARTSTE   515.123.5555         17-FEB-96 MK_MAN          13000                       100            20                                                                                                                                                                                                                                                                                                                                                                                                                                                                                                                                                                                                                                                                                                                                                                                                                                                                                     
        202 Pat             Fay             PFAY       603.123.6666         17-AUG-97 MK_REP           6000                       201            20                                                                                                                                                                                                                                                                                                                                                                                                                                                                                                                                                                                                                                                                                                                                                                                                                                                                                     
        205 Shelley         Higgins         SHIGGINS   515.123.8080         07-JUN-94 AC_MGR          12000                       101           110                                                                                                                                                                                                                                                                                                                                                                                                                                                                                                                                                                                                                                                                                                                                                                                                                                                                                     
        206 William         Gietz           WGIETZ     515.123.8181         07-JUN-94 AC_ACCOUNT       8300                       205           110                                                                                                                                                                                                                                                                                                                                                                                                                                                                                                                                                                                                                                                                                                                                                                                                                                                                                     

20 rows selected.

SQL> REM 1 DISPLAY THOSE WHO GETS LOWER COMMISSION_PCT THAN Abel
SQL> 
SQL> SELECT * FROM EMPLOYEES;

EMPLOYEE_ID FIRST_NAME      LAST_NAME       EMAIL      PHONE_NUMBER         HIRE_DATE JOB_ID         SALARY COMMISSION_PCT MANAGER_ID DEPARTMENT_ID                                                                                                                                                                                                                                                                                                                                                                                                                                                                                                                                                                                                                                                                                                                                                                                                                                                                                     
----------- --------------- --------------- ---------- -------------------- --------- ---------- ---------- -------------- ---------- -------------                                                                                                                                                                                                                                                                                                                                                                                                                                                                                                                                                                                                                                                                                                                                                                                                                                                                                     
        100 Steven          King            SKING      515.123.4567         17-JUL-87 AD_PRES         24000                                      90                                                                                                                                                                                                                                                                                                                                                                                                                                                                                                                                                                                                                                                                                                                                                                                                                                                                                     
        101 Neena           Kochhar         NKOCHHAR   515.123.4568         21-SEP-89 AD_VP           17000                       100            90                                                                                                                                                                                                                                                                                                                                                                                                                                                                                                                                                                                                                                                                                                                                                                                                                                                                                     
        102 Lex             De Haan         LDEHAAN    515.123.4569         13-JAN-93 AD_VP           17000                       100            90                                                                                                                                                                                                                                                                                                                                                                                                                                                                                                                                                                                                                                                                                                                                                                                                                                                                                     
        103 Alexander       Hunold          AHUNOLD    590.423.4567         03-JAN-90 IT_PROG          9000                       102            60                                                                                                                                                                                                                                                                                                                                                                                                                                                                                                                                                                                                                                                                                                                                                                                                                                                                                     
        104 Bruce           Ernst           BERNST     590.423.4568         21-MAY-91 IT_PROG          6000                       103            60                                                                                                                                                                                                                                                                                                                                                                                                                                                                                                                                                                                                                                                                                                                                                                                                                                                                                     
        107 Diana           Lorentz         DLORENTZ   590.423.5567         07-FEB-99 IT_PROG          4200                       103            60                                                                                                                                                                                                                                                                                                                                                                                                                                                                                                                                                                                                                                                                                                                                                                                                                                                                                     
        124 Kevin           Mourgos         KMOURGOS   650.123.5234         16-NOV-99 ST_MAN           5800                       100            50                                                                                                                                                                                                                                                                                                                                                                                                                                                                                                                                                                                                                                                                                                                                                                                                                                                                                     
        141 Trenna          Rajs            TRAJS      650.121.8009         17-OCT-95 ST_CLERK         3500                       124            50                                                                                                                                                                                                                                                                                                                                                                                                                                                                                                                                                                                                                                                                                                                                                                                                                                                                                     
        142 Curtis          Davies          CDAVIES    650.121.2994         29-JAN-97 ST_CLERK         3100                       124            50                                                                                                                                                                                                                                                                                                                                                                                                                                                                                                                                                                                                                                                                                                                                                                                                                                                                                     
        143 Randall         Matos           RMATOS     650.121.2874         15-MAR-98 ST_CLERK         2600                       124            50                                                                                                                                                                                                                                                                                                                                                                                                                                                                                                                                                                                                                                                                                                                                                                                                                                                                                     
        144 Peter           Vargas                     650.121.2004         09-JUL-98 ST_CLERK         2500                       124            50                                                                                                                                                                                                                                                                                                                                                                                                                                                                                                                                                                                                                                                                                                                                                                                                                                                                                     
        149 Eleni           Zlotkey         EZLOTKEY   011.44.1344.429018   29-JAN-00 SA_MAN          10500             .2        100            80                                                                                                                                                                                                                                                                                                                                                                                                                                                                                                                                                                                                                                                                                                                                                                                                                                                                                     
        174 Ellen           Abel            EABEL      011.44.1644.429267   11-MAY-96 SA_REP          11000             .3        149            80                                                                                                                                                                                                                                                                                                                                                                                                                                                                                                                                                                                                                                                                                                                                                                                                                                                                                     
        176 Jonathon        Taylor          JTAYLOR    011.44.1644.429265   24-MAR-98 SA_REP           8600             .3        149            80                                                                                                                                                                                                                                                                                                                                                                                                                                                                                                                                                                                                                                                                                                                                                                                                                                                                                     
        178 Kimerely        Grant           KGRANT     011.44.1644.429263   24-MAY-99 SA_REP           7000            .15        149                                                                                                                                                                                                                                                                                                                                                                                                                                                                                                                                                                                                                                                                                                                                                                                                                                                                                                   
        200 Jennifer        Whalen          JWHALEN    515.123.4444         17-SEP-87 AD_ASST          4400                       101            10                                                                                                                                                                                                                                                                                                                                                                                                                                                                                                                                                                                                                                                                                                                                                                                                                                                                                     
        201 Michael         Hartstein       MHARTSTE   515.123.5555         17-FEB-96 MK_MAN          13000                       100            20                                                                                                                                                                                                                                                                                                                                                                                                                                                                                                                                                                                                                                                                                                                                                                                                                                                                                     
        202 Pat             Fay             PFAY       603.123.6666         17-AUG-97 MK_REP           6000                       201            20                                                                                                                                                                                                                                                                                                                                                                                                                                                                                                                                                                                                                                                                                                                                                                                                                                                                                     
        205 Shelley         Higgins         SHIGGINS   515.123.8080         07-JUN-94 AC_MGR          12000                       101           110                                                                                                                                                                                                                                                                                                                                                                                                                                                                                                                                                                                                                                                                                                                                                                                                                                                                                     
        206 William         Gietz           WGIETZ     515.123.8181         07-JUN-94 AC_ACCOUNT       8300                       205           110                                                                                                                                                                                                                                                                                                                                                                                                                                                                                                                                                                                                                                                                                                                                                                                                                                                                                     

20 rows selected.

SQL> REM 1 DISPLAY INFO. ABOUT EMPLOYEE WHO GETS HIGHEST SALARY IN COMPANY.
SQL> 
SQL> REM 2 DISPLAY INFO. ABOUT EMPLOYEE WHO GETS LOWEST COMMISSION_PCT.
SQL> 
SQL> REM 3 DISPLAY INFO. ABOUT EMPLOYEE WHO GETS HIGHER COMMISSION A M O U N T   THAN AVERAGE COMMISSION AMOUNT PAID BY COMPANY.
SQL> 
SQL> REM 4 DISPLAY INFO. ABOUT EMPLOYEES OTHER THAN THOSE WHO WAS HIRED FIRST IN COMPANY
SQL> 
SQL> REM 5 DISPLAY INFO. ABOUT EMPLOYEES WHO GETS EITHER LOWEST OR HIGHEST SALARY IN COMPANY.
SQL> 
SQL> 
SQL> 
SQL> REM 1 DISPLAY INFO. ABOUT EMPLOYEE WHO GETS HIGHEST SALARY IN COMPANY.
SQL> 
SQL> SELECT FIRST_NAME , SALARY FROM EMPLOYEES
  2  WHERE SALARY = (SELECT MAX(SALARY) FROM EMPLOYEES);

FIRST_NAME          SALARY                                                                                                                                                                                                                                                                                                                                                                                                                                                                                                                                                                                                                                                                                                                                                                                                                                                                                                                                                                                                              
--------------- ----------                                                                                                                                                                                                                                                                                                                                                                                                                                                                                                                                                                                                                                                                                                                                                                                                                                                                                                                                                                                                              
Steven               24000                                                                                                                                                                                                                                                                                                                                                                                                                                                                                                                                                                                                                                                                                                                                                                                                                                                                                                                                                                                                              

SQL> REM 2 DISPLAY INFO. ABOUT EMPLOYEE WHO GETS LOWEST COMMISSION_PCT.
SQL> 
SQL> SELECT FIRST_NAME , COMMISSION_PCT FROM EMPLOYEES
  2  WHERE COMMISSION_PCT IN (SELECT MIN(COMMISSION_PCT) FROM EMPLOYEES);

FIRST_NAME      COMMISSION_PCT                                                                                                                                                                                                                                                                                                                                                                                                                                                                                                                                                                                                                                                                                                                                                                                                                                                                                                                                                                                                          
--------------- --------------                                                                                                                                                                                                                                                                                                                                                                                                                                                                                                                                                                                                                                                                                                                                                                                                                                                                                                                                                                                                          
Kimerely                   .15                                                                                                                                                                                                                                                                                                                                                                                                                                                                                                                                                                                                                                                                                                                                                                                                                                                                                                                                                                                                          

SQL> REM 3 DISPLAY INFO. ABOUT EMPLOYEE WHO GETS HIGHER COMMISSION A M O U N T   THAN AVERAGE COMMISSION AMOUNT PAID BY COMPANY.
SQL> 
SQL> SELECT FIRST_NAME , SALARY * COMMISSION_PCT COMM_AMOUNT
  2  FROM EMPLOYEES
  3  WHERE SALARY * COMMISSION_PCT > (SELECT AVG(SALARY * COMMISSION_PCT) FROM EMPLOYEES);

FIRST_NAME      COMM_AMOUNT                                                                                                                                                                                                                                                                                                                                                                                                                                                                                                                                                                                                                                                                                                                                                                                                                                                                                                                                                                                                             
--------------- -----------                                                                                                                                                                                                                                                                                                                                                                                                                                                                                                                                                                                                                                                                                                                                                                                                                                                                                                                                                                                                             
Ellen                  3300                                                                                                                                                                                                                                                                                                                                                                                                                                                                                                                                                                                                                                                                                                                                                                                                                                                                                                                                                                                                             
Jonathon               2580                                                                                                                                                                                                                                                                                                                                                                                                                                                                                                                                                                                                                                                                                                                                                                                                                                                                                                                                                                                                             

SQL> REM 4 DISPLAY INFO. ABOUT EMPLOYEES OTHER THAN THOSE WHO WAS HIRED FIRST IN COMPANY
SQL> 
SQL> SELECT FIRST_NAME , HIRE_DATE
  2  FROM EMPLOYEES
  3  WHERE HIRE_DATE <> (SELECT MIN(HIRE_DATE) FROM EMPLOYEES);

FIRST_NAME      HIRE_DATE                                                                                                                                                                                                                                                                                                                                                                                                                                                                                                                                                                                                                                                                                                                                                                                                                                                                                                                                                                                                               
--------------- ---------                                                                                                                                                                                                                                                                                                                                                                                                                                                                                                                                                                                                                                                                                                                                                                                                                                                                                                                                                                                                               
Neena           21-SEP-89                                                                                                                                                                                                                                                                                                                                                                                                                                                                                                                                                                                                                                                                                                                                                                                                                                                                                                                                                                                                               
Lex             13-JAN-93                                                                                                                                                                                                                                                                                                                                                                                                                                                                                                                                                                                                                                                                                                                                                                                                                                                                                                                                                                                                               
Alexander       03-JAN-90                                                                                                                                                                                                                                                                                                                                                                                                                                                                                                                                                                                                                                                                                                                                                                                                                                                                                                                                                                                                               
Bruce           21-MAY-91                                                                                                                                                                                                                                                                                                                                                                                                                                                                                                                                                                                                                                                                                                                                                                                                                                                                                                                                                                                                               
Diana           07-FEB-99                                                                                                                                                                                                                                                                                                                                                                                                                                                                                                                                                                                                                                                                                                                                                                                                                                                                                                                                                                                                               
Kevin           16-NOV-99                                                                                                                                                                                                                                                                                                                                                                                                                                                                                                                                                                                                                                                                                                                                                                                                                                                                                                                                                                                                               
Trenna          17-OCT-95                                                                                                                                                                                                                                                                                                                                                                                                                                                                                                                                                                                                                                                                                                                                                                                                                                                                                                                                                                                                               
Curtis          29-JAN-97                                                                                                                                                                                                                                                                                                                                                                                                                                                                                                                                                                                                                                                                                                                                                                                                                                                                                                                                                                                                               
Randall         15-MAR-98                                                                                                                                                                                                                                                                                                                                                                                                                                                                                                                                                                                                                                                                                                                                                                                                                                                                                                                                                                                                               
Peter           09-JUL-98                                                                                                                                                                                                                                                                                                                                                                                                                                                                                                                                                                                                                                                                                                                                                                                                                                                                                                                                                                                                               
Eleni           29-JAN-00                                                                                                                                                                                                                                                                                                                                                                                                                                                                                                                                                                                                                                                                                                                                                                                                                                                                                                                                                                                                               
Ellen           11-MAY-96                                                                                                                                                                                                                                                                                                                                                                                                                                                                                                                                                                                                                                                                                                                                                                                                                                                                                                                                                                                                               
Jonathon        24-MAR-98                                                                                                                                                                                                                                                                                                                                                                                                                                                                                                                                                                                                                                                                                                                                                                                                                                                                                                                                                                                                               
Kimerely        24-MAY-99                                                                                                                                                                                                                                                                                                                                                                                                                                                                                                                                                                                                                                                                                                                                                                                                                                                                                                                                                                                                               
Jennifer        17-SEP-87                                                                                                                                                                                                                                                                                                                                                                                                                                                                                                                                                                                                                                                                                                                                                                                                                                                                                                                                                                                                               
Michael         17-FEB-96                                                                                                                                                                                                                                                                                                                                                                                                                                                                                                                                                                                                                                                                                                                                                                                                                                                                                                                                                                                                               
Pat             17-AUG-97                                                                                                                                                                                                                                                                                                                                                                                                                                                                                                                                                                                                                                                                                                                                                                                                                                                                                                                                                                                                               
Shelley         07-JUN-94                                                                                                                                                                                                                                                                                                                                                                                                                                                                                                                                                                                                                                                                                                                                                                                                                                                                                                                                                                                                               
William         07-JUN-94                                                                                                                                                                                                                                                                                                                                                                                                                                                                                                                                                                                                                                                                                                                                                                                                                                                                                                                                                                                                               

19 rows selected.

SQL> REM 5 DISPLAY INFO. ABOUT EMPLOYEES WHO GETS EITHER LOWEST OR HIGHEST SALARY IN COMPANY.
SQL> 
SQL> SELECT FIRST_NAME , SALARY
  2  FROM EMPLOYEES
  3  WHERE SALARY = (SELECT MIN(SALARY) FROM EMPLOYEES)
  4  OR    SALARY = (SELECT MAX(SALARY) FROM EMPLOYEES);

FIRST_NAME          SALARY                                                                                                                                                                                                                                                                                                                                                                                                                                                                                                                                                                                                                                                                                                                                                                                                                                                                                                                                                                                                              
--------------- ----------                                                                                                                                                                                                                                                                                                                                                                                                                                                                                                                                                                                                                                                                                                                                                                                                                                                                                                                                                                                                              
Steven               24000                                                                                                                                                                                                                                                                                                                                                                                                                                                                                                                                                                                                                                                                                                                                                                                                                                                                                                                                                                                                              
Peter                 2500                                                                                                                                                                                                                                                                                                                                                                                                                                                                                                                                                                                                                                                                                                                                                                                                                                                                                                                                                                                                              

SQL> SELECT FIRST_NAME , SALARY
  2  FROM EMPLOYEES
  3  WHERE SALARY = ANY ((SELECT MIN(SALARY) FROM EMPLOYEES),
  4                      (SELECT MIN(SALARY) FROM EMPLOYEES));

FIRST_NAME          SALARY                                                                                                                                                                                                                                                                                                                                                                                                                                                                                                                                                                                                                                                                                                                                                                                                                                                                                                                                                                                                              
--------------- ----------                                                                                                                                                                                                                                                                                                                                                                                                                                                                                                                                                                                                                                                                                                                                                                                                                                                                                                                                                                                                              
Peter                 2500                                                                                                                                                                                                                                                                                                                                                                                                                                                                                                                                                                                                                                                                                                                                                                                                                                                                                                                                                                                                              

SQL> SELECT FIRST_NAME , SALARY
  2  FROM EMPLOYEES
  3  WHERE SALARY = ANY ((SELECT MIN(SALARY) FROM EMPLOYEES),
  4                      (SELECT MAX(SALARY) FROM EMPLOYEES));

FIRST_NAME          SALARY                                                                                                                                                                                                                                                                                                                                                                                                                                                                                                                                                                                                                                                                                                                                                                                                                                                                                                                                                                                                              
--------------- ----------                                                                                                                                                                                                                                                                                                                                                                                                                                                                                                                                                                                                                                                                                                                                                                                                                                                                                                                                                                                                              
Steven               24000                                                                                                                                                                                                                                                                                                                                                                                                                                                                                                                                                                                                                                                                                                                                                                                                                                                                                                                                                                                                              
Peter                 2500                                                                                                                                                                                                                                                                                                                                                                                                                                                                                                                                                                                                                                                                                                                                                                                                                                                                                                                                                                                                              

SQL> SELECT FIRST_NAME , SALARY
  2  FROM EMPLOYEES
  3  WHERE SALARY IN ((SELECT MIN(SALARY) FROM EMPLOYEES),
  4                   (SELECT MAX(SALARY) FROM EMPLOYEES));

FIRST_NAME          SALARY                                                                                                                                                                                                                                                                                                                                                                                                                                                                                                                                                                                                                                                                                                                                                                                                                                                                                                                                                                                                              
--------------- ----------                                                                                                                                                                                                                                                                                                                                                                                                                                                                                                                                                                                                                                                                                                                                                                                                                                                                                                                                                                                                              
Steven               24000                                                                                                                                                                                                                                                                                                                                                                                                                                                                                                                                                                                                                                                                                                                                                                                                                                                                                                                                                                                                              
Peter                 2500        
SQL> 
SQL> SET LINES 200 PAGES 24
SQL> 
SQL> SELECT * FROM EMPLOYEES;

EMPLOYEE_ID FIRST_NAME      LAST_NAME       EMAIL      PHONE_NUMBER         HIRE_DATE JOB_ID         SALARY COMMISSION_PCT MANAGER_ID DEPARTMENT_ID                                                     
----------- --------------- --------------- ---------- -------------------- --------- ---------- ---------- -------------- ---------- -------------                                                     
        100 Steven          King            SKING      515.123.4567         17-JUL-87 AD_PRES         24000                                      90                                                     
        101 Neena           Kochhar         NKOCHHAR   515.123.4568         21-SEP-89 AD_VP           17000                       100            90                                                     
        102 Lex             De Haan         LDEHAAN    515.123.4569         13-JAN-93 AD_VP           17000                       100            90                                                     
        103 Alexander       Hunold          AHUNOLD    590.423.4567         03-JAN-90 IT_PROG          9000                       102            60                                                     
        104 Bruce           Ernst           BERNST     590.423.4568         21-MAY-91 IT_PROG          6000                       103            60                                                     
        107 Diana           Lorentz         DLORENTZ   590.423.5567         07-FEB-99 IT_PROG          4200                       103            60                                                     
        124 Kevin           Mourgos         KMOURGOS   650.123.5234         16-NOV-99 ST_MAN           5800                       100            50                                                     
        141 Trenna          Rajs            TRAJS      650.121.8009         17-OCT-95 ST_CLERK         3500                       124            50                                                     
        142 Curtis          Davies          CDAVIES    650.121.2994         29-JAN-97 ST_CLERK         3100                       124            50                                                     
        143 Randall         Matos           RMATOS     650.121.2874         15-MAR-98 ST_CLERK         2600                       124            50                                                     
        144 Peter           Vargas                     650.121.2004         09-JUL-98 ST_CLERK         2500                       124            50                                                     
        149 Eleni           Zlotkey         EZLOTKEY   011.44.1344.429018   29-JAN-00 SA_MAN          10500             .2        100            80                                                     
        174 Ellen           Abel            EABEL      011.44.1644.429267   11-MAY-96 SA_REP          11000             .3        149            80                                                     
        176 Jonathon        Taylor          JTAYLOR    011.44.1644.429265   24-MAR-98 SA_REP           8600             .3        149            80                                                     
        178 Kimerely        Grant           KGRANT     011.44.1644.429263   24-MAY-99 SA_REP           7000            .15        149                                                                   
        200 Jennifer        Whalen          JWHALEN    515.123.4444         17-SEP-87 AD_ASST          4400                       101            10                                                     
        201 Michael         Hartstein       MHARTSTE   515.123.5555         17-FEB-96 MK_MAN          13000                       100            20                                                     
        202 Pat             Fay             PFAY       603.123.6666         17-AUG-97 MK_REP           6000                       201            20                                                     
        205 Shelley         Higgins         SHIGGINS   515.123.8080         07-JUN-94 AC_MGR          12000                       101           110                                                     
        206 William         Gietz           WGIETZ     515.123.8181         07-JUN-94 AC_ACCOUNT       8300                       205           110                                                     

20 rows selected.

SQL> REM 1 DISPLAY THOSE WHO GETS LOWER SALARY THAN AVERAGE SALARY PAID TO DEPARTMENT 60
SQL> 
SQL> REM 2 DISPLAY THOSE SA_REP WHO GETS HIGHER SALARY THAN AVERAGE SALARY PAID BY COMPANY.
SQL> 
SQL> REM 3 DISPLAY THOSE WHO REPORTS TO 100 AND GETS HIGHER SALARY THAN AVERAGE SALARY PAID TO DEPARTMENT 20.
SQL> 
SQL> REM 4 DISPLAY THOSE WHO WERE HIRED IN QUARTER 1 OR 3 AND GETS HIGHER SALARY THAN AVERAGE SALARY PAID TO THOSE WHO WERE HIRED IN SECOND HALF OF ANY YEAR.
SQL> 
SQL> REM 5 DISPLAY THOSE EMPLOYEES OF DEPARTMENT 20 OR 110 WHO GETS LOWER SALARY THAN AVERAGE SALARY PAID TO THOSE WHO WERE HIRED 96.
SQL> 
SQL> 
SQL> REM 1 DISPLAY THOSE WHO GETS LOWER SALARY THAN AVERAGE SALARY PAID TO DEPARTMENT 60
SQL> 
SQL> SELECT FIRST_NAME , SALARY , DEPARTMENT_ID
  2  FROM EMPLOYEES
  3  WHERE SALARY < (SELECT AVG(SALARY) FROM EMPLOYEES WHERE DEPARTMENT_ID = 60);

FIRST_NAME          SALARY DEPARTMENT_ID                                                                                                                                                                
--------------- ---------- -------------                                                                                                                                                                
Bruce                 6000            60                                                                                                                                                                
Diana                 4200            60                                                                                                                                                                
Kevin                 5800            50                                                                                                                                                                
Trenna                3500            50                                                                                                                                                                
Curtis                3100            50                                                                                                                                                                
Randall               2600            50                                                                                                                                                                
Peter                 2500            50                                                                                                                                                                
Jennifer              4400            10                                                                                                                                                                
Pat                   6000            20                                                                                                                                                                

9 rows selected.

SQL> REM 2 DISPLAY THOSE SA_REP WHO GETS HIGHER SALARY THAN AVERAGE SALARY PAID BY COMPANY.
SQL> 
SQL> SELECT FIRST_NAME , JOB_ID , SALARY
  2  FROM EMPLOYEES
  3  WHERE JOB_ID = 'SA_REP' AND SALARY > (SELECT AVG(SALARY) FROM EMPLOYEES);

FIRST_NAME      JOB_ID         SALARY                                                                                                                                                                   
--------------- ---------- ----------                                                                                                                                                                   
Ellen           SA_REP          11000                                                                                                                                                                   

SQL> REM 3 DISPLAY THOSE WHO REPORTS TO 100 AND GETS HIGHER SALARY THAN AVERAGE SALARY PAID TO DEPARTMENT 20.
SQL> 
SQL> SELECT FIRST_NAME , MANAGER_ID , DEPARTMENT_ID , SALARY
  2  FROM EMPLOYEES
  3  WHERE MANAGER_ID = 100 AND SALARY > (SELECT AVG(SALARY) FROM EMPLOYEES WHERE DEPARTMENT_ID = 20);

FIRST_NAME      MANAGER_ID DEPARTMENT_ID     SALARY                                                                                                                                                     
--------------- ---------- ------------- ----------                                                                                                                                                     
Neena                  100            90      17000                                                                                                                                                     
Lex                    100            90      17000                                                                                                                                                     
Eleni                  100            80      10500                                                                                                                                                     
Michael                100            20      13000                                                                                                                                                     

SQL> REM 4 DISPLAY THOSE WHO WERE HIRED IN QUARTER 1 OR 3 AND GETS HIGHER SALARY THAN AVERAGE SALARY PAID TO THOSE WHO WERE HIRED IN SECOND HALF OF ANY YEAR.
SQL> 
SQL> SELECT FIRST_NAME , TO_CHAR(HIRE_DATE,'Q') , SALARY
  2  FROM EMPLOYEES
  3  WHERE TO_CHAR(HIRE_dATE,'Q') IN (1,3) AND SALARY > (SELECT AVG(SALARY) FROM EMPLOYEES WHERE TO_CHAR(HIRE_DATE,'Q') IN (3,4));

FIRST_NAME      T     SALARY                                                                                                                                                                            
--------------- - ----------                                                                                                                                                                            
Steven          3      24000                                                                                                                                                                            
Neena           3      17000                                                                                                                                                                            
Lex             1      17000                                                                                                                                                                            
Eleni           1      10500                                                                                                                                                                            
Michael         1      13000                                                                                                                                                                            

SQL> REM 5 DISPLAY THOSE EMPLOYEES OF DEPARTMENT 20 OR 110 WHO GETS LOWER SALARY THAN AVERAGE SALARY PAID TO THOSE WHO WERE HIRED 96.
SQL> 
SQL> SELECT FIRST_NAME , DEPARTMENT_ID , SALARY , HIRE_DATE
  2  FROM EMPLOYEES
  3  WHERE DEPARTMENT_ID IN (20,110) AND SALARY < (SELECT AVG(SALARY) FROM EMPLOYEES WHERE HIRE_DATE LIKE '%96');

FIRST_NAME      DEPARTMENT_ID     SALARY HIRE_DATE                                                                                                                                                      
--------------- ------------- ---------- ---------                                                                                                                                                      
Pat                        20       6000 17-AUG-97                                                                                                                                                      
William                   110       8300 07-JUN-94                                                                                                                                                      

SQL> SELECT FIRST_NAME , SALARY FROM EMPLOYEES WHERE SALARY > 10000;

FIRST_NAME          SALARY                                                                                                                                                                              
--------------- ----------                                                                                                                                                                              
Steven               24000                                                                                                                                                                              
Neena                17000                                                                                                                                                                              
Lex                  17000                                                                                                                                                                              
Eleni                10500                                                                                                                                                                              
Ellen                11000                                                                                                                                                                              
Michael              13000                                                                                                                                                                              
Shelley              12000                                                                                                                                                                              

7 rows selected.

SQL> SELECT FIRST_NAME , SALARY FROM EMPLOYEES WHERE SALARY > 8775;

FIRST_NAME          SALARY                                                                                                                                                                              
--------------- ----------                                                                                                                                                                              
Steven               24000                                                                                                                                                                              
Neena                17000                                                                                                                                                                              
Lex                  17000                                                                                                                                                                              
Alexander             9000                                                                                                                                                                              
Eleni                10500                                                                                                                                                                              
Ellen                11000                                                                                                                                                                              
Michael              13000                                                                                                                                                                              
Shelley              12000                                                                                                                                                                              

8 rows selected.

SQL> SELECT FIRST_NAME , SALARY FROM EMPLOYEES WHERE SALARY > (SELECT AVG(SALARY) FROM EMPLOYEES);

FIRST_NAME          SALARY                                                                                                                                                                              
--------------- ----------                                                                                                                                                                              
Steven               24000                                                                                                                                                                              
Neena                17000                                                                                                                                                                              
Lex                  17000                                                                                                                                                                              
Alexander             9000                                                                                                                                                                              
Eleni                10500                                                                                                                                                                              
Ellen                11000                                                                                                                                                                              
Michael              13000                                                                                                                                                                              
Shelley              12000                                                                                                                                                                              

8 rows selected.

SQL> SELECT AVG(SALARY) FROM EMPLOYEES;

AVG(SALARY)                                                                                                                                                                                             
-----------                                                                                                                                                                                             
       8775                                                                                                                                                                                             

SQL> SPOOL OFF
